number,prediction,label
9d78edeaec759f997c303f286ecd39daee166f2a,1,1
71581562ee36032d2d574a9b23ad4af6d6a64cf7,0,0
296a193b06120aa6ae7cf5c0d7b5e5b55968026e,0,1
9ad1efee086e0e913914fa2b2173efb830bad68c,1,1
3fe4b3351301660653a2bc73f2226da0ebd2b95e,0,0
8619e5bdeee8b2c685d686281f2d2a6017c4bc15,1,0
e3158a5e7e661786b3ab650c7e4d21024e8eff0f,1,1
e4ca13f7d075e551dc158df6af18fb412a1dba0a,0,0
d88ca7e1a27eb2df056bbf37ddef62e1c73d37ea,1,1
8eb3f87d903168bdbd1222776a6b1e281f50513e,0,0
c8ec4632c6ac9cda0e8c3d51aa41eeab66585bd5,0,0
ad10c381d133d9f786564bff4b223be1372f6c2a,1,1
86ff25ed6cd8240d18df58930bd8848b19fce308,1,1
411cef6adfb38a5bb6bd9af3941b28198e7fb680,0,0
6f68cd634856f8ca93bafd623ba5357e0f648c68,1,1
5a7b44a8df822e0667fc76ed7130252523993bda,1,1
3ca1a42a52ca4b4f02061683851692ad65fefac8,1,1
35fa71a030caa50458a043560d4814ea9bcd639f,1,1
75545304eba6a3d282f923b96a466dc25a81e359,0,0
24953de0a5e31dcca7e82c8a3c79abc2dfe8fb6e,0,0
163d1c3d6f17556ed3c340d3789ea93be95d6c28,1,1
87b1af8dcc084d3d509d55067185ca74aed70ce2,1,1
c36f05559104b66bcd7f617e931e38c680227b74,1,1
988d0763361bb65690d60e2bc53a6b72777040c3,0,1
de066e116306baf3a6a62691ac63cfc0b1dabddb,0,0
d4d6ec6dac07f263f06d847d6f732d6855522845,0,0
e80d02dd763093f70c3000ef34253a6d426becf6,0,0
0303b30375dff5351a79cc2c3c87dfa4fda29bed,1,1
bf2acc943a45d2b2e8a9f1a5ddff6b6e43cc69d9,0,0
220345e98f1cdc768eeb6e3364a0fa7ab9647fe7,0,1
4c247de564f1ff614d11b3bb5313fb70d7b9598b,1,1
1df94c3c5dadbce3df6cc0e989d8c85d43a903d6,0,0
2fdeee2549231b1f989f011bb18191f5660d3745,0,0
89b171acb222dc5283c66a1e99f2ac835eab0a3c,0,0
ea010070d0a7497253d5a6f919f6dd107450b31a,0,0
c1eef220c1760762753b602c382127bfccee226d,1,1
a11148e6fcce2ae53f47f0a442d098d860b4f7db,0,0
d6aba4c8e20d4d2bf65d589953f6d891c178f3a3,0,0
b4383c971bc5263efe2b0915ba67ebf2bf3f1ee5,1,1
26cff637121d8bb866ebd6515c430ac890e6ec80,0,1
31e0456de5be379b10fea0fa94a681057114a96e,1,1
63576c13bd17848376c8ba4a98f5d5151140c4ac,0,0
38e89184900385b0dad1ee55c35ae8abcfee6ece,0,0
16ae6aa1705299789f71fdea59bfb119c1fbd9c0,0,0
ab609f25d19858513919369ff3d9a63c02cd9e2e,1,1
dc889b8d4a8122549feabe99eead04e6b23b6513,0,0
8d0015a7ab76b8b1e89a3e5f5710a6e5103f2dd5,0,0
88913bd8ea2a75d7e460a4bed5f75e1c32660d7e,0,0
5af44ca53d019de47efe6dbc4003dd518e5197ed,1,1
4ce9146e0370fcd573f0372d9b4e5a211112567c,1,1
d152c682f03ceb65c0d9663d4ba6ee2d46aa784d,1,1
054c9939b4800a91475d8d89905827bf9e1ad97a,1,1
cef31d9af908243421258f1df35a4a644604efbe,1,1
c268e7adea52be0093de1164c425f3c8d8927770,1,1
07e6124a1a46b4b5a9b3cacc0c306b50da87abf5,1,1
2a80c15812372e554474b1dba0b1d8e467af295d,0,0
c5c1a030a7dbf8dd4e1fa4405ae9a89dc1d2a8db,0,0
52f96757905bbf0edef47f3ee6c7c784e7f8ff8a,1,1
74983ac20aeafc88d9ceed64a8bf2a9024c488d5,1,1
19d6c375d671ce9949a864fb9a03e19f5487b4d3,1,1
68b6dea802cea0dbdd8bd7ccc60716b5a32a5d8a,1,1
4f488fbca2a86cc7714a128952eead92cac279ab,1,1
7bbfe00e025240505db3e04c3b296d7c023b2a26,1,1
543b8f8662fe6d21f19958b666ab0051af9db21a,1,1
3b0c406124719b625b1aba431659f5cdc24a982c,0,1
5bd4f20de8acad37dbb3154feb34dbc36d506c02,1,1
2f80d502d627f30257ba7e3655e71c373b7d1a5a,0,1
1f5781725dcbb026438e77091c91a94f678c3522,1,1
8f905c0e7354ef261360fb7535ea079b1082c105,1,1
dc7497795e014d84699c3b8809ed6df35352dd74,0,1
c59fd85e4fd07fdf0ab523a5e9734f5338d6aa19,0,0
f9c70bdc279b191da8d60777c627702c06e4a37d,1,1
c6741fbed6dc0f183d26c4b6bca4517672f92e6c,0,0
bab2c80e5a6c855657482eac9e97f5f3eedb509a,0,0
6b47ab81c9a9b56a94882815e9949d40e4207c92,0,0
4ee7c60de83ac01fa4c33c55937357601631e8ad,1,0
96c252bf1c5c6d7e2dac3dea42f3f0a9c939d20e,0,0
8c01db7619f07c85c5cd81ec5eb83608b56c88f5,0,0
0ecee66990644c3482209ff7c12faa7bc40449b1,0,1
e57121d08c38dabec15cf3e1e2ad46721af30cae,1,1
4afdb733b1606c6cb86e7833f9335f4870cf7ddd,1,1
845e0ebb4408d4473cf60d21224a897037e9a77a,1,1
d97ca5d714a5334aecadadf696875da40f1fbf3e,0,0
5d069dbe8aaf2a197142558b6fb2978189ba3454,1,1
22c696fed25c63c7f67508309820358b94a96b6d,0,0
ad88b7a6aa3e6ac94589fc1aaf7c99fe9211cff2,0,1
76f22c93b209c811bd489950f17f8839adb31901,0,0
b4104180a2efb85f55e1ba1407885c9421970338,0,0
bce1305c0ece3dc549663605e567655dd701752c,0,0
0e6491b559704da720f6da09dd0a52c4df44c514,0,0
8d933670452107e41165bea70a30dffbd281bef1,1,1
4ffb879ea648c2b42da4ca992ed3db87e564af69,1,1
c260121a97a3e4df6536edbc2f26e166eff370ce,0,0
e7aadb27a5415e8125834b84a74477bfbee4eff5,0,0
0ae10a7dc8992ee682ff0b1752ff7c83d472eef1,1,1
073861ed77b6b957c3c8d54a11dc503f7d986ceb,1,1
7a35e515a7055f483f87d12041c41db11b36c9ee,0,0
ed8157f1ebf1ae81a8fa2653e3f20d2076fad1c9,1,1
88c17855ac4291fb462e13a86b7516773b6c932e,0,0
579dd91ab3a5446b148e7f179b6596b270dace46,1,1
d7d760efad70c7a030725499bf9f342f04af24dd,0,0
a45403b51582a87872927a3e0fc0a389c26867f1,1,1
a18cd6c9b6bc73dc17e8b7e9bd07decaa8833c97,1,1
8738c85c72b3108c9b9a369a39868ba5f8e10ae0,1,1
965931e3a803a506482616f89239eff6901c17b8,0,1
8b66fee7f8ee18f9c51260e7a43ab37db5177a05,1,1
8f5c5fcf353302374b36232d6885c1a3b579e5ca,0,0
6910e25de2257e2c82c7a2d126e3463cd8e50810,1,1
ca70f00bed6cb255b7a9b91aa18a2717c9217f70,0,0
545a32498c536ee152331cd2e7d2416aa0f20e01,0,0
43016d02cf6e46edfc4696452251d34bba0c0435,0,0
4c21daae3dbc9f8536cc18e6e53627821fa2c90c,1,1
93161922c658c714715686cd0cf69b090cb9bf1d,1,1
e34f1753eebc428c312527662eb1b529cf260240,1,1
29159a4ed7044c52e3e2cf1a9fb55cec4745c60b,1,1
6e47a3cc68fc525428297a00524833361ebbb0e9,0,0
85782e037f8aba8922dadb24a1523ca0b82ab8bc,1,1
2f10a61cee8fdb9f8da90f5db687e1862b22cf06,0,0
ae62c16e105a869524afcf8a07ee85c5ae5d0479,0,0
a4aeaa06d45e90f9b279f0b09de84bd00006e733,0,0
683d2ac3904c74a625ea62d7fcc6c1efd84be087,0,0
50895b9de1d3e0258e015e8e55128d835d9a9f19,1,1
0ddc5154b24c96f20e94d653b0a814438de6032b,1,1
7e7c005b4b1f1f169bcc4b2c3a40085ecc663df2,0,0
d6367d6241371566597c9ab6efe4de0abf254eed,0,0
6628ddfec7580882f11fdc5c194a8ea781fdadfa,1,1
19e6317d24c25ee737c65d1ffb7483bdda4bb54a,0,0
2e24cd755552350b94a7617617c6877b8cbcb701,0,0
2db9dbf71bf98d02a0bf33e798e5bfd2a9944696,0,0
a1211bf9a7774706722ba3b18c6157d980319f79,1,1
f83a112bd91a494cdee671aec74e777470fb4a07,1,1
cfdc67acc785e01a8719eeb7012709d245564701,1,1
c9aa81faf19115fc2e732e7f210b37bb316987ff,0,0
2bcdacb70327013ca2066bfcf2af1009eff01f1d,0,1
fb9d19c2d844c415d612bb93c231abf2ccf2a821,0,0
e8b8ae7ce32e17a5c29f0289e9e2a39c7dcaa1b8,0,0
1b0df11fde0f14a269a181b3b7f5122415bc5ed7,0,0
68faa679b8be1a74e6663c21c3a9d25d32f1c079,1,1
c2407cf7d22d0c0d94cf20342b3b8f06f1d904e7,1,1
b95211e066fc3494b7c115060b2297b4ba21f025,1,1
285a76bb2cf51b0c74c634f2aaccdb93e1f2a359,0,1
1e6fa5216a0e59ef02e8b6b40d553238a3b81d49,0,0
d0e13a1488ad30dc3c2c9347b931cb10f892e3a4,0,0
744451c162a514044a912cbbd64b7a386035cc5b,0,0
ef28df55ac27e1e5cd122e19fa311d886d47a756,1,1
5c8193f568ae16f3242abad6518dc2ca6c8eef86,1,1
b9770b0b6eac2be3772b6f4748e6b899a9ab2870,1,1
fcfb894d5952786db3b2b2b9cd3a95cdcedb6ff0,0,0
87a270625a89fc841f1a7e21aae6176543d8385c,0,0
cb0631fd3cf9e989cd48293fe631cbc402aec9a9,1,1
8e1611e2357927b22892ecc062d65c99d0d89066,0,0
1534efc7bbc1121e92c86c2dabebaf2c9dcece19,0,0
fa3a5a1880c91bb92594ad42dfe9eedad7996b86,0,0
05733434ee9ae6548723a808647248583e347cca,0,0
265df32eae5845212ad9f55f5ae6b6dcb68b187b,0,0
826035498ec14b77b62a44f0cb6b94d45530db6f,0,1
3f74957fcbeab703297ed0f135430414ed7e0dd0,1,1
4b70cf9dea4cd239b425f3282fa56ce19e234c8a,0,0
8ab49526b53d3172d1d8dd03a75c7d1f5bd21239,1,1
51fa960d3b5163b1af22efdebcabfccc5d615ad6,0,0
ef0efcd3bd3fd0589732b67fb586ffd3c8705806,0,0
829b37b8cddb1db75c1b7905505b90e593b15db1,1,1
f9c9bdb5131eee60dc3b92e5126d4c0e291703e2,0,0
edc4746f253d907d048de680a621e121517f484b,1,1
70303420b5721c38998cf987e6b7d30cc62d4ff1,1,1
d8c7fe9f2a486a6e5f0d5229ca43807af5ab22c6,0,0
2546da99212f22034aecf279da9c47cbfac6c981,0,0
21eff69aaaa0e766ca0ce445b477698dc6a9f55a,1,1
f845fe5819efc4111c456c102f15db6d9ed3406e,0,1
ab443c53916730862cec202078d36fd4008bea79,0,1
8dbfb2bf1bb3848a8069164e205635b2675c24fe,0,0
aadb2bb83ff789de63b48b4edeab7329423a50d3,0,1
7e32a09fdcb38d97f148f72bf78a3b49e8d1612d,0,0
850fd2abbe02eb2b52cbb1550adbcc89b36d65de,0,0
8236b0ae31c837d2b3a2565c5f8d77f637e824cc,1,1
15c7c972cd26d89a26788e609c53b5a465324a6c,0,0
44580a0118d3ede95fec4dce32df5f75f73cd663,0,0
a54754ec9891830ba548e2010c889e3c8146e449,1,1
a092b7233f0e000cc6f2c71a49e2ecc6f917a5fc,1,1
af98c5a78517c04adb5fd68bb64b1ad6fe3d473f,1,0
a03ff54460817c76105f81f3aa8ef655759ccc9a,1,1
c28d9a285668c799eeae2f7f93e929a6028a4d6d,0,0
430ac66eb4c5b5c4eb846b78ebf65747510b30f1,1,1
8cc88773855f988d6a3bbf102bbd9dd9c828eb81,0,0
b4faef1739dd1f3b3981b8bf173a2266ea86b1eb,0,1
b71eaed8c04f72a919a9c44e83e4ee254e69e7f3,1,1
28131e9d933339a92f78e7ab6429f4aaaa07061c,1,1
83cf5c68d663fc78ce529c41bf24f9f6be88bef4,1,1
8c279e9394cade640ed86ec6c6645a0e7df5e0b6,1,1
862591bf4f519d1b8d859af720fafeaebdd0162a,0,1
3003055f50663095472144994dac0339076031a8,0,0
8ff41cc21714704ef0158a546c3c4d07fae2c952,1,1
fb2c445277e7b0b4ffe10de8114bad4eccaca948,0,0
3b7995a98ad76da5597b488fa84aa5a56d43b608,1,1
fc05481b2fcabaaeccf63e32ac1baab54e5b6963,1,1
a4c0b3decb33fb4a2b5ecc6234a50680f0b21e7d,1,0
cad83c968c2ebe97905f900326988ed37146c347,1,1
75d95e2e39b27f733f21e6668af1c9893a97de5e,1,1
621a3a8b1c0ecf16e1e5667ea5756a76a082b738,1,1
e4ff08a4d727146bb6717a39a8d399d834654345,1,1
1b5d9a6e98350e0713b4faa1b04e8f239f63b581,1,1
4f661542a40217713f2cee0bb6678fbb30d9d367,0,0
21d2b122732318b48c10b7262e15595ce54511d3,0,1
5355ed6388e23b69a00d48398a68d022135e6486,1,1
5d92e631b8be8965a90c144320f06e096081a551,0,0
55655e3d1197fff16a7a05088fb0e5eba50eac55,1,1
06a22d897d82f12776d44dbf0850f5895469cb2a,0,0
2cb494a36c98279c5c6ce8e99cf9776f15449ade,1,0
740a5759bf222332fbb5eda42f89aa25ba38f9b2,1,0
01faae5193d6190b7b3aa93dae43f514e866d652,1,1
faaff9765664009c1c7c65551d32e9ed3b1dda8f,1,1
1b789577f655060d98d20ed0c6f9fbd469d6ba63,1,1
7ac6ad051150592557520b45773201b987ecfce3,0,0
546a42410bf76075e157dbdd94c097b3bc44b25a,0,1
070204a34884110ac5e19c1e2e036fcfd033f8e3,0,0
e0d78afeb8d190164a823d5ef5821b0b3802af33,1,1
5e351ad106997e06b2dc3da9c6b939b95f67fb88,0,0
f01272541d2cd7b7f24909d63ea2b028a6a66293,1,1
45ff350bbd9d0f0977ff270a0d427c71520c0c37,0,0
c769accdf3d8a103940bea2979b65556718567e9,1,1
8ed0579c12b2fe56a1fac2f712f58fc26c1dc49b,0,0
f7225172f25aaf0dfd9ad65f05be8da5d6108b12,1,1
82d94856fa221b5173eefd56bcd1057c037e9b07,0,0
a5dcb73b96a9d21431048bdaac02d9e96f386da3,1,1
9c2d63b843a5c8a8d0559cc067b5398aa5ec3ffc,1,1
263630e8d176d87308481ebdcd78ef9426739c6b,1,1
2bb31abdbe55742c89f4dc0cc26fcbc8467364f6,0,0
4ebd47037027c4beae99680bff3b20fdee5d7c1e,0,0
c64cd6e34ea340adbb2a0a2f99cc884b96dcdca5,0,0
d829e9c4112b52f4f00195900fd4c685f61365ab,1,1
a8d7aa17bbc970971ccdf71988ea19230ab368b1,1,1
d76c68109f37cb85b243a1cf0f40313afd2bae68,1,0
991e634360f2622a683b48dfe44fe6d9cb765a09,0,0
039fcccaed338b2ff6587178c1219c1ef383a1d9,0,0
061ccb52d23cfa2cf3195546a21c3a87194db5b7,1,1
6603523bf5e432c7c8490fb500793bb15d4e5f61,0,1
9f7e43da6ae4862b48bac233838ba808c1167a0d,1,1
ca6484cd308a671811bf39f3119e81966eb476e3,0,0
9901c5d77e969d8215a8e8d087ef02e6feddc84c,1,1
a15d56a60760aa9dbe26343b9a0ac5228f35d445,0,0
1a0db7744e453844aa2db3f2959aea4a378025ea,1,1
f3e92cb8e2eb8c27d109e6fd73d3a69a8c09e288,1,1
d3e6e285fff3494a5c12154c8e7d79f5181d3ddc,0,1
9fa68f620041be04720d0cbfb1bd3ddfc6310b24,0,1
ca0214ee2802dd47239a4e39fb21c5b00ef61b22,1,1
bd78980be1a68d14524c51c4b4170782fada622b,1,1
b3a0066005821acdc0cdb092cb72587182ab583f,1,1
78abe3d0dfad196959b1246003366e2610775ea6,0,0
8873c064d1de579ea23412a6d3eee972593f142b,0,1
9913d5745bd720c4266805c8d29952a3702e4eca,1,1
cbb49697d5512ce9e61b45ce75d3ee43d7ea5524,1,1
da71577545a52be3e0e9225a946e5fd79cfab015,1,1
c3f3ce049f7d97cc7ec9c01cb51d9ec74e0f37c2,1,1
0ed08faded1da03eb3def61502b27f81aef2e615,1,1
10476e6304222ced7df9b3d5fb0a043b3c2a1ad8,0,0
8c25741aaad8be6fbe51510e917c740e0059cf83,1,1
8b39adbee805c539a461dbf208b125b096152b1c,0,0
d5befb224edbe53056c2c18999d630dafb4a08b9,0,1
17cfe79a65f98abe535261856c5aef14f306dff7,1,1
ddeeb7d4822ed06d79fc15e822b70dce3fa77e39,0,0
b854cc659dcb80f172cb35dbedc15d39d49c383f,0,0
416dacb819f59180e4d86a5550052033ebb6d72c,1,1
15568299b7d9988063afce60731df605ab236e2a,1,0
7d11f77f84b27cef452cee332f4e469503084737,0,1
8f868d68d335a17923dffb6858f8e9b656424699,1,1
c7d2ef5dd4b03ed0ee1d13bc0c55f9cf62d49bd6,1,1
a0e710a7def471b8eb779ff551fc27701da49599,0,0
84652aefb347297aa08e91e283adf7b18f77c2d5,0,0
baf76f0c58aec435a3a864075b8f6d8ee5d1f17e,1,1
7749d4ff88d31b0be17c8683143135adaaadc6a7,0,1
033724d6864245a11f8e04c066002e6ad22b3fd0,1,1
a65cab7d7f05c2061a3e2490257d3086ff3202c6,1,1
b32a7dc8aef1882fbf983eb354837488cc9d54dc,1,1
69e16d01d1de4f1249869de342915f608feb55d5,1,1
6fa19f5637a6c22bc0999596bcc83bdcac8a4fa6,1,1
d6e621de1fceb3b098ebf435ef7ea91ec4838a1a,1,1
c468a8aa790e0dfe0a7f8a39db282d39c2c00b46,0,0
ac6119e7f25b842fc061e8aec88c4f32d3bc28ef,1,1
e8bd76ede155fd54d8c41d045dda43cd3174d506,0,1
40e220b4218bb3d278e5e8cc04ccdfd1c7ff8307,1,1
27de77cec985233bdf6546437b9761853265c505,0,0
760d228e322e99cdf6d81b4b60a268b8f13cf67a,0,0
2a5ff07a0eb945f291e361aa6f6becca8340ba46,0,1
c326f846ebc2a30eca386b85dffba96e23803d81,0,0
aa9f7d5172fac9bf1f09e678c35e287a40a7b7dd,1,1
7a68d9fb851012829c29e770621905529bd9490b,0,0
fb6df5a6234c38a9c551559506a49a677ac6f07a,1,1
03cfda4fa6ea9bea2f30160579a78c2b8c1e616e,1,1
a61df3c413e49b0042f9caf774c58512d1cc71b7,1,1
3f34cfae1238848fd53f25e5c8fd59da57901f4b,0,0
78226f6eaac80bf30256a33a4926c194ceefdf36,1,1
d1949d045fd67eab8a32a579a8c1ab1681330854,0,0
d349f997686887906b1183b5be96933c5452362a,0,0
52b5d6f5dcf0e5201392f7d417148ccb537dbf6f,1,1
d2ac838e4cd7e5e9891ecc094d626734b0245c99,0,1
28a5501c3383f0e6643012c187b7c2027ef42aea,0,1
babf4770be0adc69e6d2de150f4040f175e24beb,1,1
befe6d946551d65cddbd32b9cb0170b0249fd5ed,0,0
798a9cada4694ca8d970259f216cec47e675bfd5,1,1
d73ff9b7c4eacaba0fd956d14882bcae970f8307,0,1
f394722fb0d0f701119368959d7cd0ecbc46363a,0,0
2c5d5b13c6eb79f5677e206b8aad59b3a2097f60,1,1
edf5ff04a45750ac8ce2435974f001dc9cfbf055,1,1
955d3411a17f590364238bd0d3329b61f20c1cd2,0,0
c9bb6165a16e6d5498981a6c777b94a78e74462b,1,0
1909a671dbc3606685b1daf8b22a16f65ea7edda,1,1
e5e1a4bc916d29958c3b587354293738fcb984d7,1,1
280ceaed79f18db930c0cc8bb21f6493490bf29c,1,1
39d170b3cb62ba98567f5c4f40c27b5864b304e5,1,1
01e881f5a1fca4677e82733061868c6d6ea05ca7,0,0
f65886606c2d3b562716de030706dfe1bea4ed5e,0,1
1378817486d6860f6a927f573491afe65287abf1,1,1
45fcef8b727b6f171bc5443e8153181a367d7a15,0,0
d3d6a18d7d351cbcc9b33dbedf710e65f8ce1595,0,0
3f804f6d201ca93adf4c3df04d1bfd152c1129d6,0,0
95ef498d977bf44ac094778fd448b98af158a3e6,0,0
601350ff58d5415a001769532f6b8333820e5786,1,1
8bee683384087a6275c9183a483435225f7bb209,1,1
9ad553abe66f8be3f4755e9fa0a6ba137ce76341,0,0
81f7567c51ad97668d1c3a48e8ecc482e64d4161,1,1
6d1823ccc480866e571ab1206665d693aeb600cf,1,0
5c4c8c9544099bb9043a10a5318130a943e32fc3,1,1
dc6455a71c7fc5117977e197f67f71b49f27baba,0,1
38ec7c6b6bd69b9ccc1873b9f465d4f16b46b26e,1,0
ed42989eab57d619667d7e87dfbd8fe207db54fe,0,0
3d502067599f0db12e74e6646aee8728efe3e5be,0,0
aaa3149bbee9ba9b4e6f0bd6e3e7d191edeae942,0,0
81b1d548d00bcd028303c4f3150fa753b9b8aa71,1,1
8b8900b729e4f31f12ac1127bde137c775c327e6,1,1
775c5033a0d164622d9d10dd0f0a5531639ed3ed,0,0
14e138a86f6347c6199f610576d2e11c03bec5f0,1,1
a6bd4f6d9b07452b0b19842044a6c3ea384b0b88,1,1
9eba9353388da7bfac9694dfe94c15365d49ebd6,0,0
6e66b49392419f3fe134e1be583323ef75da1e4b,0,0
8a56ef4f3ffba9ebf4967b61ef600b0a7ba10f11,0,1
5d2e73a5f80a5b5aff3caf1ec6d39b5b3f54b26e,1,1
57ebd808a97d7c5b1e1afb937c2db22beba3c1f8,1,1
35f7d5225ffcbf1b759f641aec1735e3a89b1914,1,1
123e495ecc25d32cf3e7958f794013236abdf0d4,1,1
27c746869e1a135dffc2f2a80715bb7aa00445b4,1,1
32818c075c54bb0cae44dd6f7ab00b01c52b8372,0,1
38ba8b9241f5848a49b80fddac9ab5f4692e434e,1,1
40ca54e3a686f13117f3de0c443f8026dadf7c44,0,0
aebfa52a925d701114afd6af0def35bab16d4f47,0,0
6e8a914ad619042c5f25a4feb663357c4170fd8d,0,1
b895bdf5d643b6feb7c60856326dd4feb6981560,1,1
cb9f1b783850b14cbd7f87d061d784a666dfba1f,1,0
7d033c9f6a7fd3821af75620a0257db87c2b552a,1,1
9bf964c9cee40285808ce973be7a266876404501,0,0
d4014d8cc6dfa964e3e66df525de2384e3583018,0,1
e9e6aa51b2735d83a67d9fa0119cf11abef80d99,1,1
d821f7c13ca03318ad1bdc64ce64afb43080a07a,1,1
20ff83f10f113c88d0bb74589389b05250994c16,1,1
4e9505064f58d1252805952f8547a5b7dbc5c111,0,0
e9b3c610a05c1cdf8e959a6d89c38807ff758ee6,0,1
0c9acb1af77a3cb8707e43f45b72c95266903cee,0,0
0c92c7a3c5d416f47b32c5f20a611dfeca5d5f2e,1,1
37f96694cf73ba116993a9d2d99ad6a75fa7fdb0,0,0
09c2e76ed734a1d36470d257a778aaba28e86531,1,1
a8eab6d35e22f4f21471f16147be79529cd6aaf7,1,0
9c97921a51a013917cfc387998882ecd0795937c,0,0
008ba2a13f2d04c947adc536d19debb8fe66f110,1,1
7c1a80e80cde008f271bae630d28cf684351e807,1,1
aa81700cf2326e288c9ca1fe7b544039617f1fc2,1,1
11eb85ec42dc8c7a7ec519b90ccf2eeae9409de8,1,1
5171b37d959641bbc619781caf62e61f7b940871,1,1
d66fa9ec53c43bba9fa973c16419f6061b7cc3ea,0,0
30a8beeb3042f49d0537b7050fd21b490166a3d9,1,0
7ef4c19d245f3dc233fd4be5acea436edd1d83d8,0,0
db7a65e3ab78e5b1c4b17c0870ebee35a4ee3257,0,0
528fd3547bad0bdd31c8f987e5bd00c83df8af39,0,0
1cc5ed25bdade86de2650a82b2730108a76de20c,1,1
a46b7ed4d52d09bd6c7ab53b2217d04fc2f02c65,0,0
e195e9b5dee6459d8c8e6a314cc71a644a0537fd,1,1
ca0168e8a77cf833f8c9ac1d26a3a4012bab4f72,0,0
74d6a5d5662975aed7f25952f62efbb6f6dadd29,0,0
1d88ba1ebb2763aa86172cd7ca05dedbeccc0d35,0,0
3ee1bb7aae97324ec9078da1f00cb2176919563f,1,1
1d2f3d3c62684b793339d0ae841ac67b555d8c8d,0,0
187e5b3ac84d3421d2de3aca949b2791fbcad554,1,1
0b8c0ec7eedcd8f9f1a1f238d87f9b512b09e71a,1,1
f75d118349be055d47407b4ba4ceb98e6437e472,0,0
6fadb494a638d8b8a55864ecc6ac58194f03f327,0,0
701f49bc028edb19ffccd101997dd84f0d71e279,0,1
cbbdf8433a5f117b1a2119ea30fc651b61ef7570,0,1
211b4d42b70f1c1660feaa968dac0efc2a96ac4d,1,1
c095508770aebf1b9218e77026e48345d719b17c,0,1
d9a81a225277686eb629938986d97629ea102633,1,1
8c28051cdcbe9dfcec6bd0a4709d67a09df6edae,1,1
0aee4c259849099cb07ead6cd7fff74e561d5225,1,1
19ab233989d0f7ab1de19a036e247afa4a0a1e9c,1,1
1b43bad31fb0e00f45baf5b05bd21eb8d8ce7f58,0,1
bc6e019b6ee65ff4ebf3ca272f774cf6c67db669,1,1
987d1149be7ddcc1380ff946cf236874421a7e1b,1,1
d65026c6c62e7d9616c8ceb5a53b68bcdc050525,0,1
94b7cc01da5a3cc4f3da5e0ff492ef008bb555d6,0,0
4ce70b4aed5752332b268909336b351721965dc4,0,1
083b78a9ed64bc71957dd7da866c128a307ea062,1,1
506220d2ba21791314af569211ffd8870b8208fa,1,1
8d1ddb5e79374fb277985a6b3faa2ed8631c5b4c,0,0
4db428a7c9ab07e08783e0fcdc4ca0f555da0567,0,0
c433570458e49bccea5c551df628d058b3526289,1,1
8dfddfb79653df7c38a9c8c4c034f242a36acee9,0,0
36d79af7fb59d6d9106feb9c1855eb93d6d53fe6,1,1
af35fc37354cda3c9c8cc4961b1d24bdc9d27903,1,1
3c08b0931eedd04c530040499fadeccab50ed646,0,0
85f9aa7565bd79b039325f2c01af7ffa717924df,1,1
98f0a39529e553bb45c0a7d775d2cc2afe9ed91d,1,1
4dfde294b9792dcf8615b55c58f093d544f472f0,1,1
5af08640795b2b9a940c9266c0260455377ae262,1,1
a957b61254a7d59a6c14ee2ac2db20a62eb299a1,0,1
949a1ebe8cea7b342085cb6a4946b498306b9493,1,1
dadbd85f2afc8ccd1dd1f0131781c740c91edd96,0,1
bfacfb457b36911a10140b8cb3ce76a74883ac5a,1,1
33458eaba4dfe778a426df6a19b7aad2ff9f7eec,0,1
eabac19e40c095543def79cb6ffeb3a8588aaff4,1,1
4f8c94022f0bc3babd0a124c0a7dcdd7547bd94e,1,1
917257daa0fea7a007102691c0e27d9216a96768,0,0
e39d200fa5bf5b94a0948db0dae44c1b73b84a56,1,1
82efcab3b9f3ef59e9713237c6e3c05c3a95c1ae,1,1
c285a2f01d692ef48d7243cf1072897bbd237407,0,0
3a9d54b1947ecea8eea9a902c0b7eb58a98add8a,1,1
f65163fed0e7dc3c79be4f96a8fe97fc89328b93,1,1
3ab7992018455ac63c33e9b3eaa7264e293e40f4,0,0
756125289285f6e55a03861bf4b6257aa3d19a93,0,0
3d66b89c30f9220a72e92847768fc8ba4d027d88,1,1
18026d866801d0c52e5550210563222bd6c7191d,1,1
a0c2dc1fe63e2869b74c1c7f6a81d1745c8a695d,1,1
ae8709b296d80c7f45aa1f35c0e7659ad69edce1,0,1
7e2556e40026a1b0c16f37446ab398d5a5a892e4,0,0
a786e3195d6af183033e86f0518ffd2c51c0e8ac,1,1
f6db9096416209474090d64d8284e7c16c3d8873,1,1
7707a4d01a648e4c655101a469c956cb11273655,1,1
11789039da536fea96c98a40c2b441decf2e7323,1,1
ab5b526da0485ac4af3d395e5ce1c04b1bfbb89c,0,0
bd03143007eb9b03a7f2316c677780561b68ba2a,0,1
78c276f5495aa53a8beebb627e5bf6a54f0af34f,1,1
8c01c4f896aa3404af948880dcb29a2d51c833dc,1,1
9398e9c0b1d44eeb700e9e766c02bcc765c82570,1,1
537cf4e3cc2f6cc9088dcd6162de573f603adc29,0,1
75e68e5bf2c7fa9d3e874099139df03d5952a3e1,1,1
dbd7ae5154d5fff7e84a9f3010bb06499017ef29,0,0
f998b6b10144cd9809da6af02758615f789e8aa1,0,0
c344f07aa1b4ba38ca8fabe407a2afe2f436323c,1,1
a37a0ee4d25c152a087c5e913b76f207eaebdb54,1,1
fe10e398e860955bac4d28ec031b701d358465e4,1,1
0355d6c1d591b8f9e281783ec0cf95fbed893194,1,1
c96adff95619178e2118925578343ad54857c80c,0,0
dc4501ff287547dea7ca10f1c580c741291a8760,1,1
27b10608a2fe3dd91c9ae1f8f8489bf547c12f08,0,0
55f6c98e3674ce16038a1949c3f9ca5a9a99f289,1,1
526f5b851a96566803ee4bee60d0a34df56c77f8,1,1
887207ed9e5812ed9239b6d07185a2d35dda91db,1,1
44bfa9c5e5f06c72540273813e4c66beb5a8c213,1,1
ec0972adecb391a8d8650832263a4790f3bfb4df,1,1
b5f9bd15b88563b55a99ed588416881367a0ce5f,1,1
55cbc2564ab2fd555ec0fc39311a9cfb811d7da5,1,1
a4995684a949cc1d28fbf09900c47c34b9427ecf,0,1
8b5cb7e41d9d77ffca036b0239177de123394a55,1,1
40c575d1ec71f7a61c73ba1603a69650c130559c,0,0
175f1ca9a9ed8689d2028da1a7c624bb4fb4ff7e,1,1
90718e32e1dcc2479acfa208ccfc6442850b594c,0,0
821bbf79fe46a8b1d18aa456e8ed0a3c208c3754,1,1
7072a355ba191c08b0579f0f66e3eba0e28bf818,1,1
d81bb019d7bb30091e3c796102c00935d6dd7ca9,1,1
531d3040bc5cf37dea01b118608347cca9325f9d,0,0
f45f3f753b0a3d739acda8e311b4f744d82dc52a,0,0
7bbc3d385bd813077acaf0e6fdb2a86a901f5382,0,0
426915796ccaf9c2bd9bb06dc5702225957bc2e5,0,0
993675a3100b16a4c80dfd70cbcde8ea7127b31d,0,0
ef91abfb20c743c0cbe98e4351cd0ce05c81340a,0,0
e6aed040eafb4ce1881bbc59a225f6b27d250396,1,1
8b142a00edcf8422ca48b8de88d286efb500cb53,0,0
cc8e58f8325cdf14b9516b61c384cdfd02a4f408,0,0
ccd5b3235180eef3cfec337df1c8554ab151b5cc,0,1
121d57af308d0cf943f08f4738d24d3966c38cd9,1,0
e20a2e9c42c9e4002d9e338d74e7819e88d77162,0,0
0356010d825eb18d9157408e8ca4ec4613d61398,1,1
db3fa271022dacb9f741b96ea4714461a8911bb9,0,0
b0863f1927323110e3d0d69f6adb6a91018a9a3c,0,0
bda9a71980e083699a0360963c0135657b73f47a,0,0
8897c1b1a1795cab23d5ac13e4e23bf0b5f4e0c6,1,1
57f015f5eccf25fd4a3336fe3cbbee920a8fba6f,1,1
1f20f9ff57ca23b9f5502fca85ce3977e8496cb1,0,1
bb29648102335586e9a66289a1d98a0cb392b6e5,1,1
a65925475571953da12a9bc2082aec29d4e2c0e7,1,1
8fb44d60d4142cd2a440620cd291d346e23c131e,1,1
50e9ffb1996a5d11ff5040a266585bad4ceeca0a,0,0
dd5e073381f2ada3630f36be42833c6e9c78b75e,1,1
e46a3b3ba7509cb7fda0e07bc7c63a2cd90f579b,1,1
e190161f96b88ffae870405fd6c3fdd1d2e7f98d,1,1
8540827ebac6b654ab2f69c8fbce9e4fbd6304a0,0,0
42c17fa69f9866a3f80ac196ce70b4fda1242717,0,0
8a29c1260e24e7c9c6ab138aa0017558d8b28208,1,1
c48c8c1e2e81e71a0f13b83cc5124333f3750064,1,1
dc56ad7028c5f559b3ce90d5cca2e6b7b839f1d5,1,1
fda21d46cce2879dbce981978f8cb07b36035369,1,1
3450121997ce872eb7f1248417225827ea249710,1,1
e0ff126ee7ad405c1ef531f9f3db92929de4f20f,1,1
9d332e69c1dc74dcd748de7cbd2dac5c61bda265,1,1
22dad713b8a5ff488e07b821195270672f486eb2,1,1
009ad9f0c6eed0caa7943bc46aa1ae2cb8c382fb,0,0
2967acbb257a6a9bf912f4778b727e00972eac9b,0,0
52403cfbc635d28195167618690595013776ebde,0,0
8bea728dce8972e534e6b99fd550f7b5cc3864e8,0,0
46568e9be70ff8211d986685f08d919376c32998,1,1
7ea862048317aa76d0f22334202779a25530980c,0,0
976a68f06b2ea49e2ab67a5f84919a8b105db8be,0,0
d33294541889b023068522270cd4153ddd8e4635,0,0
beb4ee6770a89646659e6a2178538d2b13e2654e,1,1
de526f401284e1638d4c97cb5a4c292ac3f37655,0,0
bfd40eaff5abb9f62c8ef94ca13ed0d94a560f10,1,1
df132eff463873e14e019a07f387b4d577d6d1f9,1,1
7ce2367254e84753bceb07327aaf5c953cfce117,1,1
9a9e77495958c7382b2438bc19746dd3aaaabb8e,1,1
d9fb8c507d42256034b457ec59347855bec9e569,1,1
5d037b4d3df7b77ecd22fa8e10f5000bdc42cc8b,1,1
c568503ef02030f169c9e19204def610a3510918,1,1
c48fc11b69e95007109206311b0187a3090591f3,1,1
b0cdc5dbcf2ba0d99785da5aabf1b17943805b8a,1,1
522f6e6cba6880a038e2bd88e10390b84cd3febd,1,1
f7744fa16b96da57187dc8e5634152d3b63d72de,1,1
813dbeb656d6c90266f251d8bd2b02d445afa63f,0,1
e9edc188fc76499b0b9bd60364084037f6d03773,1,0
b2a616676839e2a6b02c8e40be7f886f882ed194,0,0
a37f4958f7b63d2b3cd17a76151fdfc29ce1da5f,0,0
facb03dddec04e4aac1bb2139accdceb04deb1f3,0,0
51c19bf3d5cfaa66571e4b88ba2a6f6295311101,1,1
563fbefed46ae4c1f70cffb8eb54c02df480b2c2,0,0
d6d86830705f173fca6087a3e67ceaf68db80523,1,1
ef19e111337f6c3dca7019a8bad5fbc6fb18d635,0,0
3dc289f8f139997f4e9d3cfccf8738f20d23e47b,1,1
e9d4709fcc26353df12070566970f080e651f0c9,0,1
0f31746452e6793ad6271337438af8f4defb8940,0,0
70c2655849a25431f31b505a07fe0c861e5e41fb,1,1
159d2c7d8106177bd9a986fd005a311fe0d11285,0,0
45ad559a29629cb1c64ee636563c69b71524f077,0,0
e58c1912418980f57ba2060017583067f5f71e52,1,1
689e453a9b9c9158522b508876a1ff02ab0c3aa8,1,1
0b3dec05dbbce023f4f25aba975b5d253c313ebb,1,1
e9cb4239134c860e5f92c75bf5321bd377bb505b,0,0
a14fbcd4f157a5a97b6013289205559d246c5021,0,0
591ff9ea51cec683e4cb378a3469228ba1d69010,1,1
1dc2d785156cbdc80806c32e8d2c7c735d0b4721,1,1
2d285f26ecd072800a29c5b71e63437f21ef830a,0,0
ff244c6b29b176f3f448bc75e55df297225e1b3a,1,1
af9f691f0f5bdd1ade65a7b84927639882d7c3e5,0,0
3a303cfdd28d5f930a307c82e8a9d996394d5ebd,0,0
59b179b48ce2a6076448a44531242ac2b3f6cef2,0,0
bc3aae2bbac46dd894c89db5d5e98f7f0ef9e205,1,1
47733f9daf4fe4f7e0eb9e273f21ad3a19130487,1,1
eadd1befdd778a1eca57fad058782bd22b4db804,1,1
3fd44c86711f71156b586c22b0495c58f69358bb,0,0
314eeb43e5f22856b281c91c966e51e5782a3498,1,1
1515a63fc413f160d20574ab0894e7f1020c7be2,0,0
12cb908a11b2544b5f53e9af856e6b6a90ed5533,0,0
b53558a950a89824938e9811eddfc8efcd94e1bb,1,1
864e2a1f8aac05effac6063ce316b480facb46ff,1,1
13cb6d826e0ac0d144b0d48191ff1a111d32f0c6,0,0
be47e41d77fba5bc17e9fb5f1c99217bb6691989,1,1
345daff2e994ee844d6a609c37f085695fbb4c4d,1,1
4dee15b4fd0d61ec6bbd179238191e959d34cf7a,1,1
db57ccf0f2f4624b4c4758379f8165277504fbd7,1,1
355e8d26f719c207aa2e00e6f3cfab3acf21769b,1,1
7ee285395b211cad474b2b989db52666e0430daf,0,0
7ec318feeed10a64c0359ec4d10889cb4defa39a,1,1
814596495dd2b9d4aab92d8f89cf19060d25d2ea,0,0
f5cb779ba16334b45ba8946d6bfa6d9834d1527f,1,1
e37542ba111f3974dc622ae0a21c1787318de500,1,1
2c32395d8111037ae2cb8cab883e80bcdbb70713,1,1
61cb57c9ed631c95b54f8e9090c89d18b3695b3c,0,0
4fb0534fb7bbc2346ba7d3a072b538007f4135a5,1,1
fcd30ae0665c778e283f73c1c885c7fd26d12ef2,1,1
fb83ed496b9a654f60cd1d58a0e1e79ec5694808,0,0
4cc8d6505ab82db3357613d36e6c58a297f57f7c,1,1
02c71b144c811bcdd865e0a1226d0407d11357e8,1,1
66fb33254f45df4b049f487aff1cbde1ef919390,1,1
7df835a32a8bedf7ce88efcfa7c9b245b52ff139,1,1
aab456dfa404f3a16d6f1780e62a6a8533c4d008,1,1
6ed69184ed9c43873b8a1ee721e3bf3c08c2c6be,0,0
844a378de3372c923909681706d62336d702531e,0,0
1255fcb2a655f05e02f3a74675a6d6525f187afd,1,1
78fcb2c91adfec8ce3a2ba6b4d0dda89f2f4a7c6,1,1
8999dc89497ab1c80d0718828e838c7cd5f6bffe,1,1
cefc7ef3c87d02fc9307835868ff721ea12cc597,1,1
d42ee76ecb6c49d499fc5eb32ca34468d95dbc3e,1,1
24962af7e1041b7e50c1bc71d8d10dc678c556b5,0,1
ccd3c4373eacb044eb3832966299d13d2631f66f,1,1
3e338d3c95c735dc3265a86016bb4c022ec7cadc,0,0
3dd550a2d36596a1b0ee7955da3b611c031d3873,1,1
3a56ef719f0b9682afb8a86d64b2399e36faa4e6,1,1
7c68d1a6b4db9012790af7ac0f0fdc0d2083422a,1,1
f1796544a0ca0f14386a679d3d05fbc69235015e,1,1
80982c7e834e5d4e325b6ce33757012ecafdf0bb,1,1
4655e5e5f387264fd22a835bcfbe4af6691ff774,0,1
0a82e230c68860b7286dad8644d9d9f7cfd755d2,1,1
9424e2e7ad93ffffa88f882c9bc5023570904b55,0,0
ffb324e6f874121f7dce5bdae5e05d02baae7269,0,1
a47f68d6a944113bdc8097db6f933c2e17c27bf9,0,1
1137b5e2529a8f5ca8ee709288ecba3e68044df2,1,1
105cd17a866017b45f3c45901b394c711c97bf40,1,1
db885e66d268884dc72967279b7e84f522556abc,0,0
7dc68e98757a8eccf8ca7a53a29b896f1eef1f76,0,0
9dfc685e0262d4c5e44e13302f89841fa75173ca,1,1
b5b73b26b3ca34574124ed7ae9c5ba8391a7f176,0,0
301428ea3708188dc4a243e6e6b46c03b46a0fbc,0,0
4cb682964706deffb4861f0a91329ab3a705039f,1,1
153fbd1226fb30b8630802aa5047b8af5ef53c9f,1,1
0da03cab87e6323ff2e05b14bc7d5c6fcc531efd,1,1
68c9417b193d0d174b0ada013602272177e61303,0,0
5c791fe1e2a4f401f819065ea4fc0450849f1818,0,0
9d574f985fe33efd6911f4d752de6f485a1ea732,0,0
cb626bf566eb4433318d35681286c494f04fedcc,1,1
eff84b379089cd8b4e83599639c1f5f6e34ef7bf,1,1
4ca070ef0dd885616ef294d269a9bf8e3b258e1a,0,0
fd7d6de2241453fc7d042336d366a939a25bc5a9,0,0
96017bf9039763a2e02dcc6adaa18592cd73a39d,0,0
a7809ff90ce6c48598d3c4ab54eb599bec1e9c42,1,1
cf1b2326b734896734c6e167e41766f9cee7686a,0,0
57aa9f294b09463492f604feaa5cc719beaace32,1,1
c13da21cdb8085f1d9a53463c88a4d3967fe90fd,0,0
53f35a39c3860baac1e5ca80bf052751cfb24a99,1,1
8351760ff5b2042039554b4948ddabaac644a976,1,1
312434617cb16be5166316cf9d08ba760b1042a1,1,1
afae4ef7d5ad913cab1316137854a36bea6268a5,0,0
2bec445f9bf35e52e395b971df48d3e1e5dc704a,1,1
b06d072ccc4b1acd0147b17914b7ad1caa1818bb,0,0
598c2d41ff44889dd8eced4f117403e472158d85,1,1
1ee33b1ca2b8dabfcc17198ffd049a6b55674a86,1,1
b00df840fb4004b7087940ac5f68801562d0d2de,0,0
7a4deea1aa8bddfed4ef1b35fc2b6732563d8ad5,1,1
46fee9ab02cb24979bbe07631fc3ae95ae08aa3e,0,0
3ca94192278ca8de169d78c085396c424be123b3,1,1
4f07b80c973348a99b5d2a32476a2e7877e94a05,1,1
fec8a6a691033f2538cd46848f17f337f0739923,1,1
7c11910783a1ea17e88777552ef146cace607b3c,1,1
d3349b6b3c373ac1fbfb040b810fcee5e2adc7e0,1,1
5e5ff0b4b6bcb4d17b7a26ec8bcfc7dd4651684f,1,1
e40ff213898502d299351cc2fe1e350cd186f0d3,0,0
30dea07180de3aa0ad613af88431ef4e34b5ef68,1,1
2b4f27c36bcd46e820ddb9a8e6fe6a63fa4250b8,1,1
447c19f3b5074409c794b350b10306e1da1ef4ba,1,1
a5b8fd657881003ea11c193d147c8f4ba143725d,1,1
f176ede3a3bde5b398a6777a7f9ff091baa2d3ff,1,0
175b8d89fe292796811fdee87fa39799a5b6b87a,1,1
8df4a44cc46bf9dcfb80a37a59ae5dea2232dc58,1,1
1a33e10e4a95cb109ff1145098175df3113313ef,0,0
d25e2e9388eda61b6e298585024ee3355f50c493,0,0
17329563a97df3ba474eca5037c1336e46e14ff8,0,1
d53c5135792319e095bb126bc43b2ee98586f7fe,0,1
764f3f1ecffc434096e0a2b02f1a6cc964a89df6,0,0
1a38956cce5eabd7b74f94bab70265e4df83165e,0,1
16ad3db3b24cd9f70aa24e93cef0d4a83dece7ac,0,0
158b515f703e75e7d68289bf4d98c664e1d632df,1,1
ad9bd8daf2f9938572b0604e1280fefa8f338581,0,1
278167fd2f8ffe679351605fe03e29ff3ab8db18,1,1
889c05cc5834a1eef2dbe1e639cfd7a81c4f4c6d,0,1
9c48060141bd937497774546e4bb89b8992be383,0,0
0633da48f0793aeba27f82d30605624416723a91,0,0
fad8e0de4426a776c9bcb060555e7c09e2d08db6,0,0
81c88b18de1f11f70c97f28ced8d642c00bb3955,1,1
ac088a88b5d544b7b82f00214b1588b3c88a7fc6,0,0
25dd169aea6553aea548197a5d4580bbdeda1c85,1,1
2dd5616ecdcebdf5a8d007af64e040d4e9214efe,1,1
42d84c8490f9f0931786f1623191fcab397c3d64,0,0
26fc181e6cacacd4837da7ffe0c871134a421600,1,1
5461e0530c222129dfc941058be114b5cbc00837,1,1
72ff2bf04db2a48840df93a461b7115900f46c05,0,0
2baae3545327632167c0180e9ca1d467416f1919,1,1
96cc4b69581db68efc9749ef32e9cf8e0160c509,1,1
e3cb0c7102f04c83bf1a7cb1d052e92749310b46,1,1
87579e9b7d8dc36e7cfc40c03f1ae5634e16e2c5,1,0
06669ea346e476a5339033d77ef175566a40efbb,0,0
f7fe9346869a12efe3af3cc9be2e45a1b6ff8761,1,1
c8c8218ec5af5d2598381883acbefbf604e56b5e,0,1
08b7c2f9208f0e2a32159e4e7a4831b7adb10a3e,1,1
bae173563cbf469533d0c38534b874d4a2df0c85,0,0
da17c73b6eb74aad3c3c0654394635675b623b3e,1,1
f867c771f98891841c217fa8459244ed0dd28921,1,1
7c32ae35fbf9cffb7aa3736f44dec10c944ca18e,0,0
95e057e25892eaa48cad1e2d637b80d0f1a4fac5,1,1
28b05b92886871bdd8e6a9df73e3a15845fe8ef4,1,1
c47cc304990a2813995b1a92bbc11d0bb9a19ea9,1,1
f7e0e8b2f1b0a09b527885babda3e912ba820798,1,1
e8a747d0884e554a8c1872da6c8f680a4f893c6d,1,1
7013908c2db285cd6b48fcd427a56354beac2233,0,0
26528be6720bb40bc8844e97ee73a37e530e9c5e,1,1
58acd10092268831e49de279446c314727101292,1,1
eb80ca476ec11f67a62691a93604b405ffc7d80c,1,1
3a04ce7130a7e5dad4e78d45d50313747f8c830f,0,0
351050ecd6523374b370341cc29fe61e2201556b,0,1
552446a4166189a8c2515571dd6e25fd64a2dc78,0,0
47c42e6b4192a2ac8b6c9858ebcf400a9eff7a10,0,1
451dc48c806a7ce9fbec5e7a24ccf4b2c936e834,1,1
bf9a40ae8d722f281a2721779595d6df1c33a0bf,1,1
689d7ba4895b803244f596e56ffa3d9e4f24acdc,0,1
cf47a0b882a4e5f6b34c7949d7b293e9287f1972,1,1
6d0d1ff9ff21fbb06b867c13a1d41ce8ddcd8230,0,1
a53190a4aaa36494f4d7209fd1fcc6f2ee08e0e0,1,1
32ca98feab8c9076c89c0697c5a85e46fece809d,1,1
cc338010a233c0817276b1348692376db4b4b093,0,0
b41d936b5ecfdb3a4abc525ce6402a6c49cffddc,1,1
120e9dabaf551c6dc03d3a10a1f026376cb1811c,0,0
3066820034b5dd4e89bd74a7739c51c2d6f5e554,0,0
b904cb8dff824b79233e82c078837627ebd52717,0,0
32a7b4cbe93b0a0ef7e63d31ca69ce54736c4412,1,1
0537250fdc6c876ed4cbbe874c739aebef493ee2,0,0
f5449e74802c1112dea984aec8af7a33c4516af1,1,1
580e4273d7a883ececfefa692c1f96bdbacb99b5,1,1
cafd472a10ff3bccd8afd25a69f20a491cd8d7b8,1,1
85e8b032d6ebb0f698a34dd22c2f13443d905888,0,0
31142a4ba617f5aa8aefdf1c65561ca30d43f360,1,1
e9db4ef6bf4ca9894bb324c76e01b8f1a16b2650,1,1
4477138fa0ae4e1b699786ef0600863ea6e6c61c,0,0
0eb96bf754d7fa6635aa0b0f6650c74b8a6b1cc9,0,0
498cc50b3fa99b545532dc433d53d3c0b889cc98,0,0
c61760e6940dd4039a7f5e84a6afc9cdbf4d82b6,0,1
a6361f0ca4b25460f2cdf3235ebe8115f622901e,0,1
629b49c848ee71244203934347bd7730b0ddee8d,1,1
02f51d45937f7bc7f4dee21e9f85b2d5eac37104,0,1
7891a87efc7116590eaba57acc3c422487802c6f,0,0
cfc2c740533368b96e2be5e0a4e8c3cace7d9814,1,1
12e5eef0f4d8087ea7b559f6630be08ffea2d851,1,1
863a42b289c22df63db62b10fc2c2ffc237e2125,1,1
7d18a07897d07495ee140dd319b0e9265c0f68ba,1,1
a7150e382267d5d2bb3e1a2a07776e97646b0952,1,1
1efba987c48629c0c64703bb4ea76ca1a3771d17,1,1
9fb582b67072bea6cbfe1aefc2be13c62c7681bf,1,1
313bbd1990b6ddfdaa7da098d0c56b098a833572,0,1
904d88d743b0c94092c5117955eab695df8109e8,1,1
18c49926c4bf4915e5194d1de3299c0537229f9f,0,0
005ba37cb89bcc0cf63c2029a41f8db165aeb615,0,0
801ebf1043ae7b182588554cc9b9ad3c14bc2ab5,1,1
aa8f8778493c85fff480cdf8b349b1e1dcb5f243,0,0
c30a3c957c885e618ddffc065f888be4f8d5a9bd,0,0
a0ff660058b88d12625a783ce9e5c1371c87951f,0,0
b7b73cd5d74694ed59abcdb4974dacb4ff8b2a2a,0,0
e84749a78dc82bc545f12ce009e3dbcc2c5a8a91,1,1
b6a37e5e25414df4b8e9140a5c6f5ee0ec6f3b90,1,1
175efa81feb8405676e0136d97b10380179c92e0,1,1
f9cedf1a9b1cdcfb0c52edb391d01771e43994a4,0,0
df4953e4e997e273501339f607b77953772e3559,0,1
4cd879515d686849eec5f718aeac62a70b067d82,0,0
c16f39d14a7e0ec59881fbdb22ae494907534384,0,0
d9d4b1e46d9543a82c23f6df03f4ad697dab361b,1,1
ac0648a56c1ff66c1cbf735075ad33a26cbc50de,0,0
b436acd1cf7fac0ba987abd22955d98025c80c2b,1,1
d417b49fff3e2f21043c834841e8623a6098741d,0,1
e7153bf70c3496bac00e7e4f395bb8d8394ac0ea,0,0
829385f08ae99740276cbd46c9db29764c519211,0,0
6091f09c2f79730d895149bcfe3d66140288cd0e,1,1
644c7eebbfd59e72982d11ec6cc7d39af12450ae,1,1
6289a98f0817a4a457750d6345e754838eae9439,0,0
ed17b8d377eaf6b4a01d46942b4c647378a79bdd,0,0
fc01d8c61ce02c034e67378cd3e645734bc18c8c,1,1
3afb0961884046c8fb4acbce65139088959681c8,1,1
1c6c09a0ae62fa3ea8f8ead2ac3920e6fff2de64,0,0
9380afd6df70e24eacbdbde33afc6a3950965d22,1,1
e319e1fbd9d42420ab6eec0bfd75eb9ad7ca63b1,0,0
e61ab2a320c3dfd6209efe18a575979e07470597,1,1
d196e229a80c39254f4adbc312f55f5198e98941,1,1
10aa14527f458e9867cf3d2cc6b8cb0f6704448b,0,1
476db72e521983ecb847e4013b263072bb1110fc,1,0
304e024216a802a7dc8ba75d36de82fa136bbf3e,1,0
8432b8114957235f42e070a16118a7f750de9d39,1,1
2a4ae3bcdf05b8639406eaa09a2939f3c6dd8e75,1,1
5b801dfb7feb2738975d80223efc2fc193e55573,1,1
4638faac032756f7eab5524be7be56bee77e426b,0,0
ced21a4c726bdc60b1680c050a284b08803bc64c,1,1
618f003199c6188e01472b03cdbba227f1dc5f24,0,1
ac43432cb1f5c2950408534987e57c2071e24d8f,1,1
d1fb55592909ea249af70170c7a52e637009564d,0,0
70f259a3f4276b71db365b1d6ff1eab805ea6ec3,1,1
c92dc856848f32781e37b88c1b7f875e274f5efb,1,1
fe9bc1644918aa1d02a889b4ca788bfb67f90816,0,0
8fd0c1b0647a6bda4067ee0cd61e8395954b6f28,1,1
2ca359f4f8b954b3a9d15a89f22a8b7283e7669f,0,0
3cbf7530a163d048a6376cd22fecb9cdcb23b192,0,0
a6da0024ffc19e0d47712bb5ca4fd083f76b07df,1,1
77d5ad4048fba5bd6e16f78498d4b41e5534b8f5,1,1
82ecff655e7968151b0047f1b5de03b249e5c1c4,1,1
0fedc63fadf0404a729e73a35349481c8009c02f,1,1
01ec0a5f19c8c82960a07f6c7410fc9e01d7fb51,0,0
c39e342a050a4425348e6fe7f75827c0a1a7ebc5,1,1
fb4415a12632f0b9078a0aa80c16745d48fcfc74,1,1
c5aa956eaeb05fe87e33433d7fd9f5e4d23c7416,1,1
cc4dfb7f70a344f24c1c71e298deea0771dadcb2,1,1
a890d01e4ee016978776e45340e521b3bbbdf41f,0,0
3c10ffddc61f8a1a59e29a110ba70b47e679206a,1,1
8265792bf8871acc2d00fd03883d830e2249d395,1,1
aadd4355918fe6e9044a9042fa5968e0a0901681,0,1
c3bcde026684c62d7a2b6f626dc7cf763833875c,1,1
903f9db10f18f735e62ba447147b6c434b6af003,1,1
c1e2148f8ecb26863b899d402a823dab8e26efd1,1,1
f8d1653daec02315e06d30246cff4af72e76e54e,1,1
636d25d557d1073281013c43e4ff4737692da2d4,0,0
3a0f64de479cae75effb630a2e0a237ca0d0623c,0,0
6c0afef5fb0c27758f4d52b2210c61b6bd8b4470,1,1
6b4c9f4469819a0c1a38a0a4541337e0f9bf6c11,1,1
6f07e5f06c8712acc423485f657799fc8e11e56c,1,1
6dfccd13db2ff2b709ef60a50163925d477549aa,1,1
0a6e6b3c7db6c34e3d149f09cd714972f8753e3f,1,1
10414014bc085aac9f787a5890b33b5605fbcfc4,0,0
d836f5c69d87473ff65c06a6123e5b2cf5e56f5b,1,1
2ea2352ede9d97585164a7e19224955f4e4ca8db,0,0
e2c8d550a973bb34fc28bc8d0ec996f84562fb8a,0,0
1c3b3e6527e57156bf4082f11c2151957560fe6a,0,0
46eb14a6e1585d99c1b9f58d0e7389082a5f466b,1,1
f548a476268d621846bb0146af861bb56250ae37,1,1
e51d68e76d604c6d5d1eb13ae1d6da7f6c8c0dfc,1,1
0a824efdb724e07574bafcd2c2486b2a3de35ff6,0,0
00d9e47f8ec2a293db9ebed86aab0583d9a49533,1,1
311633b604063a8a5d3fbc74d0565b42df721f68,0,0
3cb6ee991496b67ee284c6895a0ba007e2d7bac3,0,0
4b14752ec4e0d87126e636384cf37c8dd9df157c,0,0
2b7e8665b4ff51c034c55df3cff76518d1a9ee3a,0,1
11a0ae4c4bff9b2a471b54dbe910fc0f60e58e62,0,0
583863ed918136412ddf14de2e12534f17cfdc6f,0,1
f74c371fe72a4f820d287db8067683fb533e4ede,0,0
a447da7d00410278c90d3576782a43f8b675d7be,1,1
d00ee64e1dcf09b3afefd1340f3e9eb637272714,1,1
03fb92a432ea5abe5909bca1455b7e44a9380480,1,1
2cc683e88c0c993ac3721d9b702cb0630abe2879,0,0
9f7761cf0409465075dadb875d5d4b8ef2f890c8,0,0
cd2063604ea6a8c2683b4eb9b5f4c4da74592d87,0,0
1c702bf902bd37349f6d91cd7f4b372b1e46d0ed,0,0
6c2d2176a85eb2fd65eb7cfe94b3bad0acce99c0,0,0
efcc9bcaf77c07df01371a7c34e50424c291f3ac,1,1
0cd58e5c53babb9237b741dbef711f0a9eb6d3fd,1,1
9435f2bb66874a0c4dd25e7c978957a7ca2c93b1,1,1
2b5b8251bc9fe2f9118411f037862ee17cf81e97,1,1
66e58e0ef80a56a1d7857b6ce121141563cdd93e,1,1
3f05317d9889ab75c7190dcd39491d2a97921984,1,1
132d358b183ac6ad8b3fea32ad5e0663456d18d1,1,0
7db48e983930285b765743ebd665aecf9850582b,1,0
7961eee3978475fd9e8626137f88595b1ca05856,1,1
3b525691529b01cbea03ce07e5df487da5e44a31,1,1
be7f3e59997b7744e8be153b76fca28ac5b71354,1,1
8a03dd925786bdc3834d56ccc980bb70668efa35,0,1
0453c682459583910d611a96de928f4442205493,1,0
d3f07c049dab1a3f1740f476afd3d5e5b738c21c,1,1
ef299cc3fa1a9e1288665a9fdc8bff55629fd359,1,1
e30cc79cc80fd919b697a15c5000d9f57487de8e,1,1
6dd1ec6c7a2c304e9e2e2edd9e7ccb8e8791d36a,1,1
d4e7cd36a90e38e0276d6ce0c20f5ccef17ec38c,0,1
18aded17492088962ef43f00825179598b3e8c58,0,0
ea0dfeb4209b4eab954d6e00ed136bc6b48b380d,1,1
a45ea48e2bcd92c1f678b794f488ca0bda9835b8,0,0
400b8b9a2a17918f8ce00786f596f530e7f30d50,0,0
7caa56f006e9d712b44f27b32520c66420d5cbc6,0,0
bb986a50421a11bf31a81afb15b9b8f45a4a3a11,1,1
9332d27d7918182add34e8043f6a754530fdd022,0,0
f7e43672683b097bb074a8fe7af9bc600a23f231,1,0
bb6659cc0ad3c2afc3801b708b19c4c67e55ddf2,1,1
ab9ee8e38b292f9a6698a4fedbb6ff8d08ce2012,0,0
c17d1a3a8ee4dac7539d5c976b45d9300f6f10bc,1,1
8e04944f0ea8b838399049bdcda920ab36ae3b04,1,1
570d7a98e7d6d5d8706d94ffd2d40adeaa318332,1,1
7fd25e6fc035f4b04b75bca6d7e8daa069603a76,1,1
47caf685a6854593348f216e0b489b71c10cbe03,0,0
93ddb1f56ae102f14f9e46a9a9c8017faa970003,1,1
0697d9a610998b8bdee6b2390836cb2391d8fd1a,1,1
d24396c5290ba8ab04ba505176874c4e04a2d53c,1,1
9e630bcb7701f94dbd729fe57d37c089c763ad9f,1,1
9472aff16ca0fd9351eea7773facef364743088f,0,0
819966c06b759022e9932f328284314d9272b9f3,0,0
49054556289e8787501630b7c7a9d407da02e296,0,0
e0d694d638dba768b47be31c22e1a9b4f862f561,0,0
2753ca5d9009c180dbfd4c802c80983b4b6108d1,1,1
aebf5db917055b38f4945ed6d621d9f07a44ff30,1,1
2310035fa03f651dd5b03f19a26a97512aa8842c,0,1
cd7455f1013ef96d5cbf5c05d2b7c06f273810a6,1,1
a820ccbe21e8ce8e86c39cd1d3bc8c7d1cbb949b,1,1
dd912306ff008891c82cd9f63e8181e47a9cb2fb,0,0
0f7d9b31ce7abdbb29bf018131ac920c9f698518,1,1
5032d079909d1ac5c2535acc32d5f01cd245d8ea,1,1
fd851ba9caa9a63fdbb72a2e6ed5560c0989e999,1,1
59136aa3b2649796a3a1fd90158675f1f640ce0e,1,1
5604285839aaedfb23ebe297799c6e558939334d,1,1
0817534ff9ea809fac1322c5c8c574be8483ea57,1,1
41e81022a04a0294c55cfa7e366bc14b9634c66e,0,0
fe1b26c93d430400ac37d820425e2468218ae8b2,0,1
091311debcf02ff80a76d70b524eba4b2ffe66f1,0,0
d5bf630f355d8c532bef2347cf90e8ae60a5f1bd,1,1
39f13ea2f61b439ebe0060393e9c39925c9ee28c,1,1
f989d03ef25df3fc26d3ea0fe7c19c9830577166,0,0
bdac616db9bbadb90b7d6a406144571015e138f7,0,0
99137b7888f4058087895d035d81c6b2d31015c5,0,0
49686cbbb3ebafe42e63868222f269d8053ead00,1,1
1090340f7ee53e824fd4eef66a4855d548110c5b,1,1
01ea306f2ac2baff98d472da719193e738759d93,0,0
52117be68b82ee05c96da0a7beec319906ccf6cc,0,1
e009f95b1543e26606dca2f7e6e9f0f9174538e5,1,1
4a5d797a9f9c4f18585544237216d7812686a71f,0,1
65766ee0bf7fe8b3be80e2e1c3ef54ad59b29476,1,1
6db43410179bc40419a9859ebb333f178a49829d,1,1
802a7dc5cf1bef06f7b290ce76d478138408d6b1,1,1
a80dfc025924024d2c61a4c1b8ef62b2fce76a04,0,0
2e990dfd13974d9eae493006f42ffb48707970ef,1,1
3b1833e92baba135923af4a07e73fe6e54be5a2f,1,1
11ff7288beb2b7da889a014aff0a7b80bf8efcf3,1,1
41d3a6bd1d37149b18331fc4bb789c5456a7aeb0,0,0
9cf448c200ba9935baa94e7a0964598ce947db9d,1,1
92aa5986f4f7b5a8bf282ca0f50967f4326559f5,0,0
eb85890b29e4d7ae1accdcfba35ed8b16ba9fb97,0,0
88a06d6fd6b369d88cec46c62db3e2604a2f50d5,0,0
68fda450a7df51cff9e5a4d4a4d9d0d5f2589153,0,0
52c3c3a59234a9725b5dcfe9729ed737d7843980,1,1
b71812168571fa55e44cdd0254471331b9c4c4c6,0,1
33a7813219f208f4952ece60ee255fd983272dec,1,1
f7d8a19f9a056a05c5c509fa65af472a322abfee,0,1
058f58e235cbe03e923b30ea7c49995a46a8725f,1,1
2d2f6f1b4799428d160c021dd652bc3e3593945e,0,0
138470a9b2cc2e26e6018300394afc3858a54e6a,1,1
474f0813a3002cb299bb73a5a93aa1f537a80ca8,1,1
51a1aaa631c90223888d8beac4d649dc11d2ca55,0,0
60adcfde92fa40fcb2dbf7cc52f9b096e0cd109a,0,1
d59fae6fea39efe65bb3d3310aaa2a54b5f55c0d,1,1
b8b784958eccbf8f51ebeee65282ca3fd59ea391,1,1
7464726cb5998846306ed0a7d6714afb2e37b25d,1,1
e669b86945478b3d90d2d87e3793a6eed06d332f,0,1
dcd01eeac14486b56a790f5cce9b823440ba5b34,1,1
a72173ecfc6774cf2d55de9fb29421ce69e3428c,0,0
3b0462726e7ef281c35a7a4ae33e93ee2bc9975b,0,0
2a63866c8b51a3f72cea388dfac259d0e14c4ba6,0,0
c666355e60ddb4748ead3bdd983e3f7f2224aaf0,1,1
1ff22883b0b2f7a73eb2609ffe879c9fd96f6328,1,1
740797ce3a124b7dd22b7fb832d87bc8fba1cf6f,0,0
c4068bf898ddaef791049a366828d9b84b467bda,0,1
17d8beda277a36203585943e70c7909b60775fd5,1,1
c75d1d5248c0c97996051809ad0e9f154ba5d76e,0,0
92aafe77123ab478e5f5095878856ab0424910da,0,1
12a78b026f870c575d3a98998b25084aac5b3c61,0,0
660cf4ce9d0f3497cc7456eaa6d74c8b71d6282c,1,1
608b4adab17889576c6636311f495b1a52418c69,0,0
763dafc520add02a1f4639b500c509acc0ea8e5b,0,0
781d2a9a2fc7d0be53a072794dc03ef6de770f3d,0,0
6613b6173dee098997229caf1f3b961c49da75e6,0,0
4d772cb85f64c16eca00177089ecb3cd5d292120,1,1
7f84ff68be05ec7a5d2acf8fdc734fe5897af48f,0,0
6ea67769ff33018195e3ec2a610b8ecc03efe504,0,0
95f59bf88bb75281cc626e283ecefdd5d5641427,0,0
92e3cc91d8f51ce64a8b7c696377180953dd316e,0,1
963485d436ccc2810177a7b08af22336ec2af67b,0,0
68035c80e129c4cfec659aac4180354530b26527,1,1
9c1fe96bded935369f8340c2ac2e9e189f697d5d,0,1
63dfb7938b13fa2c2fbcb45f34d065769eb09414,0,1
0003b687ee6d55b889f037530582493f353f0567,0,1
f6a9d47ae6854980fc4b1676f1fe9f9fa45ea4e2,1,1
672ecbe1c977616aa720c9397589665b33e72610,1,1
78f34a16c28654cb47791257006f90d0948f2f0c,1,1
b35a0f4dd544eaa6162b6d2f13a2557a121ae5fd,0,1
9bbd917e0bec9aebdbd0c8dbc966caec15eb33e9,1,1
a4270d6795b0580287453ea55974d948393e66ef,1,1
b6f3320b1d5267e7b583a6d0c88dda518101740c,1,1
7dd07c143a4b54d050e748bee4b4b9e94a7b1744,1,1
8d0caedb759683041d9db82069937525999ada53,0,0
3100dab2aa09dc6e082956e306fc9f81b3cc0f7a,0,0
3c6306d44082ef007a258ae1b86ea58e6974ee3f,0,0
2dd2111d0d383df104b144e0d1f6b5a00cb7cd88,1,1
cf94da6f502d8caecabd56b194541c873c8a7a3c,1,0
11c514a99bb960941535134f0587102855e8ddee,1,1
30aecae86e914f526a2ca8d552011960ef6a2615,1,1
92fe24a7db751b80925214ede43f8d2be792ea7b,0,0
12d94a804946af291e24b80fc53ec86264765781,1,1
b1bdcb59b64f806ef08d25a85c39ffb3ad841ce6,0,0
3bc53be9db21040b5d2de4d455f023c8c494aa68,1,1
8ca34a13f7f9b3fa2c464160ffe8cc1a72088204,0,0
a5739435b5a3b8c449f8844ecd71a3b1e89f0a33,1,0
3d4e8303f2c747c8540a0a0126d0151514f6468b,1,1
889c604fd0b5f6d3b8694ade229ee44124de1127,1,1
55a2346c7ac4bbf6ee6972394237bf31e29a1c05,1,1
a39c46067c845a8a2d7144836e9468b7f072343e,0,0
f123cffdd8fe8ea6c7fded4b88516a42798797d0,0,1
89259088c1b7fecb43e8e245dc931909132a4e03,1,1
d7bae09fa008c6c9a489580db0a5a12063b97f97,0,0
61cf93700fe6359552848ed5e3becba6cd760efa,1,1
3099a52918937ab86ec47038ad80d377ba16c531,1,1
9852a7212324fd25f896932f4f4607ce47b0a22f,1,1
53ea2076d851ee37e4f3954c5ae569439b138248,0,0
1b2f08df0a886e0565c71821d5230cba395f5c18,0,0
91c02557174be7f72e46ed7311e3bea1939840b0,0,1
5d64600d4f337dc2bb89cd59da99f452f5e4f3c3,1,1
20d5fe2d7103f5c43ad11a3d6d259e9d61165c35,1,1
dd37d2f59eb839d51b988f6668ce5f0d533b23fd,0,0
19d1532a187669ce86d5a2696eb7275310070793,0,1
8035b1a2a37a29d8c717ef84fca8fe7278bc9f03,1,1
76224355db7570cbe6b6f75c8929a1558828dd55,0,0
5c04da55c754c44937b3d19c6522f9023fd5c5d5,1,1
8bab4c09f24ec8d4a7a78ab343620f89d3a24804,0,0
c8d70a700a5b486bfa8e5a7d33d805389f6e59f9,0,1
5c9934b6767b16ba60be22ec3cbd4379ad64170d,0,0
95febeb61bf87ca803a1270498cd4cd61554a68f,0,0
e2d3fcaf939dded3da604a25ebbea9fb954c2280,1,1
093b036aa94e01a0bea31a38d7f0ee28a2749023,0,0
ece23711dd956cd5053c9cb03e9fe0668f9c8894,1,1
4b658d1bbc16605330694bb3ef2570c465ef383d,0,0
146d62e5a5867fbf84490d82455718bfb10fe824,0,1
bc87302a093f0eab45cd4e250c2021299f712ec6,0,0
7494de0454af50215bc46c93c83b88a32ca39fab,0,0
4c582234ab3948d08a24c82eb1e00436aabacbc6,1,1
ead16e53c2f0ed946d82d4037c630e2f60f4ab69,1,0
b6467ab142b708dd076f6186ca274f14af379c72,1,1
b7ddce3cbf010edbfac6c6d8cc708560a7bcd7a4,0,0
c3e5ea6ee574ae5e845a40ac8198de1fb63bb3ab,0,1
96aa1b22bd6bb9fccf62f6261f390ed6f3e7967f,0,0
11cb881bf075cea41092a20236ba708b18e1dbb2,0,0
e298aa358f0ca658406d524b6639fe389cb6e11e,0,0
ddd9b5e3e765d8ed5a35786a6cb00111713fe161,0,0
058f2e4da79b23afb56ce3d03d907d6cdd36f2b8,0,0
7e84e1c7566a1df470a9e1f49d3db2ce311261a4,1,0
ba7cd5d95f25cc6005f687dabdb4e7a6063adda9,0,0
085c7c4e1c0e50d90b7d90f61a12e12b317a91e2,0,0
7c80eb1c7e2b8420477fbc998971d62a648035d9,0,0
b756ad928d98e5ef0b74af7546a6a31a8dadde00,1,1
7d98386d55a5afaa65de77e1e9197edeb8a42079,0,0
c92e8c02fe664155ac4234516e32544bec0f113d,1,1
e8980d67d6017c8eee8f9c35f782c4bd68e004c9,1,1
bbeb6e4323dad9b5e0ee9f60c223dd532e2403b1,1,1
212e7f56605ef9688d0846db60c6c6ec06544095,1,1
b336decab22158937975293aea79396525f92bb3,0,1
8cfd36a0b53aeb4ec21d81eb79706697b84dfc3d,0,1
c604cb767049b78b3075497b80ebb8fd530ea2cc,1,0
fdafed459998e2be0e877e6189b24cb7a0183224,0,0
c6404122cb18f1fbd2a6dc85ab687f6fa2e454cf,1,1
90ca6333fd65f318c47bff425e1ea36c0a5539f6,0,0
b06f9d9f1a907dd03f203e2ce9e27e318c22ba01,1,0
11a087f484bf15ff65f0a9f277aa5a61fd07ed2a,0,1
bf956be520fb534510e31564231163aa05f7f091,1,1
68359a1ad8447c99732ebeab8c169bfed543667a,0,1
da27e0a0e5f655f0d58d4e153c3182bb2b290f64,1,1
6508b6781be076f889e3077a1a5fadf1930a569d,0,1
3df629d873f8683af6f0d34dfc743f637966d483,1,1
c8ea9fce2baf7b643384f36f29e4194fa40d33a6,0,0
44d4775ca51805b376a8db5b34f650434a08e556,1,1
6cd078702f2f33cb6b19a682de3e9184112f1a46,0,0
218d747a4142f281a256687bb513a135c905867b,1,1
b7e31be385584afe7f073130e8e570d53c95f7fe,0,0
aa43477b040251f451db0d844073ac00a8ab66ee,1,1
8ff006e57ad3a25f909c456d053aa498b6673a39,1,1
930651a75bf1ba6893a8b8475270664ebdb6cf4a,1,1
9b1f19d810e92d6cdc68455fbc22d9f961a58ce1,1,1
f7d76e05d058b832b373237566cc1af8251371b5,0,0
b1b65750b8db67834482f758fc385bfa7560d228,0,0
08e046c8966a872a4fb047aa940b5c991ee5635d,0,0
c5e0321e43deed0512b34d8d8d40a16c0e22b541,0,0
c9200760da8a728eb9767ca41a956764b28c1310,0,0
13384f6125ad7ebdcc8914fe1e03ded48ce76581,1,1
d9f92772e8ec388d070752ee8f187ef8fa18621f,1,1
7a61432dc81375be06b02f0061247d3efbdfce3a,0,0
7cdf33ab02e01300e7e6289acbac9cd8759f8712,0,0
0854a0513321cf70bea5fa483ebcaa983cc7c62e,0,0
3bef198f1b17d1bb89260bad947ef084c0a2d1a6,1,1
58c8db929db1c1d785a6f5d8f8692e5dbcc35e84,1,0
d65842f7126aa1a87fb44b7c9980c12630ed4f33,1,0
c5006b8aa74599ce19104b31d322d2ea9ff887cc,1,1
90b2be27bb0e56483f335cc10fb59ec66882b949,1,1
968be23ceaca1f402dfad0a30a8da4649ee32940,0,0
87066fdd2e30fe9dd531125d95257c118a74617e,0,0
f69e749a49353d96af1a293f56b5b56de59c668a,0,0
61448479a9f2c954cde0cfe778cb6bec5d0a748d,0,0
0171c41835591e9aa2e384b703ef9a6ae367c610,0,0
0934ad42bb2c5df90a1b9de690f93de735b622fe,0,0
d3bc0fa8411c35194f99046157e2e26fe60e1d91,0,0
bdcc5bc25548ef6b08e2e43937148f907c212292,1,1
afa0925c6fcc6a8f610e996ca09bc3215048033c,1,1
5607fff303636d48b88414c6be353d9fed700af2,0,0
f3069c6d33f6ae63a1668737bc78aaaa51bff7ca,1,1
c06ccf3ebb7503706ea49fd248e709287ef385a3,1,1
ae2b27b859a144f503d382580320873c0beb09c7,0,0
46a8b29c6306d8bbfd92b614ef65a47c900d8e70,1,1
32da12216e467dea70a09cd7094c30779ce0f9db,0,1
3fd87127073292538047adf1c9c757e9cab0dd56,1,1
37d2a36394d954413a495da61da1b2a51ecd28ab,1,1
a36da65c46565d2527eec3efdb546251e38253fd,0,0
0d616f2a3fdbf1304db44d451d9f07008556923b,1,1
ca2c1418efe9f7fe37aa1f355efdf4eb293673ce,0,1
dad7e270ba712ba1c99cd2d91018af6044447a06,1,1
e469d0b09a19496e1972a20974bbf55b728151eb,0,1
3b185255bb2f34fa6927619b9ef27f192a3d9f5a,0,0
6c0ed66f1a5b84e2a812c7c2d6571a5621bf3396,1,0
f2ecf903ef06eb1bbbfa969db9889643d487e73a,1,1
a793183caa9afae907a0d7ddd2ffd57329369bf5,1,1
14a4696bc3118ba49da28f79280e1d55603aa737,0,0
05255b823a6173525587f29c4e8f1ca33fd7677d,0,0
7bc04c5c2cc467c5b40f2b03ba08da174a0d5fa7,0,1
b29fcfb54cd70caca5b11c80d8d238854938884a,0,0
86434744fedf0cfe07a9eee3f4632c0e25c1d136,1,1
60c2530696320ee6ffe4491c17079fa403790c98,1,1
9d6d7f1cb67cdee15f1a0e85aacfb924e0e02435,1,1
30fad76ce4e98263edfa8f885c81d5426c1bf169,0,0
a7caa88f8b72c136f9a401f498471b8a8e35370d,0,1
624f5ab8720b3371367327a822c267699c1823b8,1,1
c43ddbf97f46b93727718408d60a47ce8c08f30c,0,0
6d2aec9e123bb9c49cb5c7fc654f25f81e688e8c,1,1
c0129a0614428e5e4350fa963eecd1fbe19e57e9,0,0
43fa87f7deed52e8c8420182e0c133bc4cf395f6,1,1
9f8b93a7df4d8e1e8715fb2a45a893cffad9da0b,0,1
0060ef3b4e6dd1410da164d48a595eadb2fb02f7,0,0
6cd1ed50efd88261298577cd92a14f2768eddeeb,1,1
acb4a33e9856d5fa3384b87d3d8369229be06d31,0,0
ab8085c130edd65be0d95cc95c28b51c4c6faf9d,1,0
16fdf8ba98391650ce4bc4f3f71629d8a413bc21,0,0
dfd3d5266dc1d9a2b06e5a09bbff4cee547eeb5f,1,1
ec31c2676a10e064878927b243fada8c2fb0c03c,0,0
10b8a3de603df7b96004179b1b33b1708c76d144,1,1
b474959d5afda6e341a02c85f9595d85d39189ae,1,1
c751798aa224fadc5124b49eeb38fb468c0fa039,1,1
2fd10bcf0310b9525b2af9e1f7aa9ddd87c3772e,0,0
57b0e31453209d746c99e513d80b3d0c44a80891,0,0
12750abad517a991c4568969bc748db302ab52cd,0,1
66072c29328717072fd84aaff3e070e3f008ba77,1,1
9f3ccdc3f6ef10084ceb3a47df0961bec6196fd0,1,0
4b848f20eda5974020f043ca14bacf7a7e634fc8,1,1
399f8dd9a866e107639eabd3c1979cd526ca3a98,1,1
9384eacd80f3da8d05fd17073eafd1f7fef80b26,1,1
17081633e22d83be928a779fd7acd04b247dec90,1,1
35b4f24415c854cd718ccdf38dbea6297f010aae,0,0
4aa84f2ffa81f71e15e5cffc2cc6090dbee78f8e,0,0
b196d88aba8ac72b775137854121097f4c4c6862,1,1
02612bb05e51df8489db5e94d0cf8d1c81f87b0c,1,1
42fddcc7c64b723a867c7b2f5f7505e244212f13,1,1
43a3542870328601be02fcc9d27b09db467336ef,0,1
ff09d7ec9786be4ad7589aa987d7dc66e2dd9160,1,1
7ea6bf2e6c409e245a31b9ac6a4ba24949ad442f,0,0
33812fc7c8d77a43b7e2bf36a0d5a57c277a4b0c,1,1
9d3c447c72fb2337ca39f245c6ae89f2369de216,1,1
6050fa4c84cc93ae509f5105f585a429dffc5633,0,0
a4db1072e1a3bd7a8d9c356e1902b13ac5deb8ef,1,1
cea67a2dd6b2419dcc13a39309b9a79a1f773193,1,1
26d92e951fe0a44ee4aec157cabb65a818cc8151,1,1
42413b49804b250ced70dac8815388af2d4ad872,1,0
5e0b17b026eb7c6de9baa9b0d45a51b05f05abe1,0,1
e9789c7cc182484fc031fd88097eb14cb26c4596,1,1
2bbcaaee1fcbd83272e29f31e2bb7e70d8c49e05,1,1
6d5f1ef838683efba01bacb7854f6516fbcbae17,0,0
a8be80053ea74bd9c3f9a3810e93b802236d6498,1,1
4fa3b1c417377c352208ee9f487e17cfcee32348,1,1
c7256f579f8302ce2c038181c30060d0b40017b2,1,1
6f5ddde41069fcd1f0993ec76c9dbbf9d021fd4d,1,1
58990d1ff3f7896ee341030e9a7c2e4002570683,1,1
2a3f7221acddfe1caa9ff09b3a8158c39b2fdeac,1,1
41cdc741048b0d04604c02aad9ec19f7d9130b70,0,1
f78cdbd75a57245ecc68f5a40e470933426a082b,0,1
5438dd45831ee33869779bd1919b05816ae4dbc9,1,1
eecc70d22ae51225de1ef629c1159f7116476b2e,1,1
a83829f56c7ce17d5d05370820e185d9a23d3090,0,0
be74294ffa24f5fbc0d6643842e3e095447e17a2,0,0
9c60cc797cf72e95bb39f32316e9f0e5f85435f9,1,1
0bbab5f0301587cad4e923ccc49bb910db86162c,1,1
513e1073d52e55b8024b4f238a48de7587c64ccf,0,0
39a8fc4971a00d22536aeb7d446ee4a97810611b,1,1
6c53b45c71b4920b5e62f0ea8079a1da382b9434,0,1
2b8bd606b1e60ca28c765f69c1eedd7d2a2e9dca,0,1
2cbad989033bff0256675c38f96f5faab852af4b,0,1
7f9ad1dfa3c768d1116c2dbacd7a09f9a871534e,0,1
303911cfc5b95d33687d9046133ff184cf5043ff,1,1
519a8a6cf91dda095be2d36216fc4ebc525270a1,0,0
f7c8a4120eedf24c36090b7542b179ff7a649219,1,1
f05f2429eec60851b98bdde213de31dab697c01b,0,1
100f6d8e09905c59be45b6316f8f369c0be1b2d8,1,1
8af1c6fbd9239877998c7f5a591cb2c88d41fb66,0,0
2620fe268e80d667a94553cd37a94ccaa2cb8c83,1,1
c9f3f813d462c72dbe412cee6a5cbacf13c4ad5e,0,1
e1bbdd57047454dad068dc36612dd60a57f4c58f,0,0
3f2db250099f46988088800052cdf2332c7aba61,0,0
ebeeb1ad9b8adcc37c2ec21a96f39e9d35199b46,0,0
febafc8455fdbb0ba53d596075068a683b75f355,0,0
f0654ba94e33699b295ce4f3dc73094db6209035,0,0
460b360104d51552a57f39e54b2589c9fd7fa0b3,0,1
6cf97230cd5f36b7665099083272595c55d72be7,1,1
e4f07120210a1794c1f1ae64d209a2fbc7bd2682,0,0
dff8baa261174de689a44572d0ea182d7aa70598,0,0
7aae231ac93b9d9c45487dcafd844fa756069f3b,0,0
a54c4613dac1500b40e4ab55199f7c51f028e848,1,1
0fda7600c2e174fe27e9cf02e78e345226e441fa,0,0
06058632464845abb1af91521122fd04dd3daaec,0,0
c8c958a58fc67f353289986850a0edf553435702,1,1
4eaf431f6f71bbed40a4c733ffe93a7e8cedf9d9,1,1
c7a91bc7c2e17e0a9c8b9745a2cb118891218fd1,0,1
21b5944350052d2583e82dd59b19a9ba94a007f0,1,1
8a44119a98bee4381d28f3ed1e41dfacf5c3aa6d,1,1
876c14ad014d0e39c57cbfde53e13d17cdb6d645,1,1
09c8b9718a7af674036643fa2e0dbb2f09aba75e,1,1
bbefa1dd6a6d53537c11624752219e39959d04fb,1,0
4089e272ac61603931beb024d4d640de2cb390e0,0,0
b272a0ad730103e84fb735fd0a8cc050cdf7f77c,0,0
f609cbb8911e40e15f9055e8f945f926ac906924,1,1
79fb0518fec8c8b4ea7f1729f54f293724b3dbb0,1,1
d1f37226431f5d9657aa144a40f2383adbcf27e1,0,0
3b33e3f4a6c0296812a7ee757bdae83290e64aed,0,1
253a496d8e57275d458eb3c988470525b0b2c545,1,1
709fca500067524381e28a5f481882930eebac88,0,0
f39f8688888ae74fa8deae2d01289b69b4727394,1,1
2e9f60932a2c19e8a11b4a69d419f107024b05a0,1,1
e22db7bd552f7f7f19fe4ef60abfb7e7b364e3a8,0,0
f13ef10059ccf5f4ed201cd050176df62ec25bb8,1,1
6ce708f54cc8d73beca213cec66ede5ce100a781,1,1
b512719f771a82180211c9a315b8a7f628832b3d,1,1
e873e4b9cc7e8ce79e5c5627b32b107035bb3f5d,1,1
6a21dfc0d0db7b7e0acedce67ca533a6eb19283c,0,0
19d7df69fdb2636856dc8919de72fc1bf8f79598,0,0
6e6fddc78323533be570873abb728b7e0ba7e024,0,0
1f4aace60b0edc2d885aaa263abf4df42c8c65a8,0,0
e1f13c879a7c21bd207dc6242455e8e3a1e88b40,0,0
1d1cf156dc176e30eeaced5cf1450d582d387b81,0,0
9173e5e80729c8434b8d27531527c5245f4a5594,1,1
71811cac8532b2387b3414f7cd8fe9e497482864,0,1
0766ec82e5fb26fc5dc6d592bc61865608bdc651,0,1
5db7c8b9f9fc2aeec671ae3ca6375752c162e0e7,1,1
a466856e0b7ab269cdf9461886d007e88ff575b0,1,1
11fc7d5a0a2d458cae8ce5d5ee3ebfdabe2cb35a,0,1
ca4463bf8438b403596edd0ec961ca0d4fbe0220,1,1
813961de3ee6474dd5703e883471fd941d6c8f69,1,1
8621436671f3a4bba5db57482e1ee604708bf1eb,0,0
bce9b042ec73e8662b8119d4ca47e7c78b20d0bf,0,0
594cced14ad3903166c8b091ff96adac7552f0b3,1,1
35d96e631860226d5dc4de0fad0a415362ec2457,1,1
83d817f41070c48bc3eb7ec18e43000a548fca5c,1,1
0d1c3530e1bd38382edef72591b78e877e0edcd3,0,1
28814cd18cd7bfb40321b95f85fd214111ccdf68,0,0
4b793acdca0050739b99ace6a8b9e7f717f57c6b,0,0
1992d99882afda6dc17f9d49c06150856a91282f,0,1
af39c8f72301b268ad8b04bae646b6025918b82b,1,1
f66ee0410b1c3481ee75e5db9b34547b4d582465,0,0
1d10bf55d85d34eb73dd8263635f43fd72135d2d,1,1
cf657d22ee1f0e887326a92169f2e28dc932fd10,1,0
b216a8e7908cd750550c0480cf7d2b3a37f06954,0,0
3a33d030daaa7c507e1c12d5adcf828248429593,1,1
b1d0a5d0cba4597c0394997b2d5fced3e3841b4e,0,0
eff73de2b1600ad8230692f00bc0ab49b166512a,0,1
cb963a19d99fc42d9abf4238968ef85fcc2ef3e3,0,0
1406e8cb4b05fdc67692b1af2da39d7ca5278713,1,1
a6112998ee45514def58200a7914706c0703f3d7,0,0
bf50b606cfd85ac8d3d0adb711f3e22204059848,0,0
7063efd33bb15abc0160347f89eb5aba6b7d000e,1,1
435b08ec0094ac1e128afe6cfd0d9311a8c617a7,0,0
1b976fc6d684e3282914cdbe7a8d68fdce19095c,0,1
49ed96943a8e0c62cc5a9b0a6cfc88be87d1fcec,0,0
382778edc8262b7535f00523e9eb22edba1b9816,1,1
77b6d09f4ae66d42cd63b121af67780ae3d1a5e9,0,1
cd3b3636c99fcac52c598b64061f3fe4413c6a12,1,1
b84bbaf7a6c8cca24f8acf25a2c8e46913a947ba,1,0
b2d22b6bb33aac10c415e4ba13c8eade201c6f09,0,0
e608f631f0ba5f1fc5ee2e260a3a35d13107cbfe,1,1
fc0494ead6398609c49afa37bc949b61c5c16b91,1,1
cb222aed03d798fc074be55e59d9a112338ee784,1,1
56144737e67329c9aaed15f942d46a6302e2e3d8,1,1
4b4f6cecca446abcb686c6e6c451d4f1ec1a7497,1,1
9066e5cfb73cdbcdbb49e87999482ab615e9fc76,0,0
5b5e7a0de2bbf2a1afcd9f49e940010e9fb80d53,1,1
c51f83c315c392d9776c33eb16a2fe1349d65c7f,0,0
7c2bd9a39845bfb6d72ddb55ce737650271f6f96,1,1
73444bc4d8f92e46a20cb6bd3342fc2ea75c6787,0,0
a1f165a6b738f0c9d744bad4af7a53909278f5fc,0,1
392096736a06bc9d8f2b42fd4bb1a44b245b9fed,1,1
9c7d83ae6ba67d6c6199cce24573983db3b56332,1,1
7b9b1d449a7cef675d6926c4538edee8e601d823,1,1
d49baa7e12ee70c0a7b821d088a770c94c02e494,1,1
a566a9012acd7c9a4be7e30dc7acb7a811ec2260,0,1
8aaff15168cfbc7c8980fdb0e8a585f1afe56ec0,1,1
5a8e7aea953bdb6d4da13aff6f1e7f9c62023499,0,0
8204df72bea1a7d83d0777add6da98a41dfbdc34,0,0
e5571240236c5652f3e079b1d5866716a7ad819c,0,0
b60fda6000a99a7ccac36005ab78b14b47c06de3,1,1
45c180bc29babbedd6b8c01b975780ef44d9d09c,1,1
91feb01596e5efc0cc922cc73f5583114dccf4d2,1,1
5038517119d50ed0240059b1d7fc2faa92371c08,0,0
68553f1a6f746bf860bce3eb42d78c26a717d9c0,1,1
9709020c86f6bf8439ca3effc58cfca49a5de192,1,1
821720b9f34ec54106ebf012a712ba73bbcf47c2,0,0
08fc1ab6d748ab1a690fd483f41e2938984ce353,0,1
4f2629ea67e7225c3fd292c7fe4f5b3c9d6392de,0,0
cb181da161963eddc9de0000de6ab2c7942be219,0,0
71ddeac8cd1d217744a0e060ff520e147c9328d1,1,1
d98985dd6c2dc69e2ad5f5482a5237fb9487ed99,1,1
271dbc31843244e5192f0f8a8be0da26995f944a,0,0
484cea4f362e1eeb5c869abbfb5f90eae6421b38,1,1
1aed58e67a6ec1e7a18bfabe8ba6ec2d27c15636,1,1
f8e9ec16611baa8db77a7d46facd2ba7aa525955,1,1
23bf1b6be9c291a7130118dcc7384f72ac04d813,0,0
d5e568c3a4ec2ddd23e7dc5ad5b0c64e4f22981a,1,1
3546b9b8eced9799b35ef953f766a0973b17fda2,0,0
a073d7e3ad687a7ef32b65affe80faa7ce89bf92,1,1
a1a7e3a36e01ca6e67014f8cf673cb8e47be5550,1,1
8b51dc7291473093c821195c4b6af85fadedbc2f,1,1
726b7bbeafd4e0219c37b74673d368b21ff3d039,0,0
574d356b7a02c7e1b01a1d9cba8a26b3c2888f45,0,0
5fe23f262e0548ca7f19fb79f89059a60d087d22,1,1
a0961f351d82d43ab0b845304caa235dfe249ae9,0,0
6564d0ad67efb2d977e130e7448505ee538af016,0,0
b513b0d4563ab70a0a25e7a0ed94afaf88ac28bf,0,1
8859bf2b1278d064a139e3031451524a49a56bd0,0,0
013cb81e89f8a70deef086ca29a923faf5585ab0,0,1
79f546a696bff2590169fb5684e23d65f4d9f591,1,1
5d8dbb7fb82b8661c16d496644b931c0e2e3a12e,0,0
48044eb490be71c203e14dd89e8bae87209eab52,0,1
cf10bd4c4aff8dd64d1aa7f2a529d0c672bc16af,1,1
a499b03bf36b0c2e3b958a381d828678ab0ffc5e,1,1
f75a2804da391571563c4b6b29e7797787332673,0,0
15fe076edea787807a7cdc168df832544b58eba6,1,1
35033ab988c396ad7bce3b6d24060c16a9066db8,0,1
46ef5b89ec0ecf290d74c4aee844f063933c4da4,1,1
1e047eaab3bb5564f25b41e9cd3a053009f4e789,0,0
951c6db954a1adefab492f6da805decacabbd1a7,1,1
32a0721c6620b77504916dac0cea8ad497c4878a,1,1
c8e2fe13d1d1f3a02842b7b909d4e4846a4b6a2c,0,0
72279d17df54d5e4e7910b39c61a3f3464e36633,1,1
9cb726a212a82c88c98aa9f0037fd04777cd8fe5,1,1
29b99f54a8e63f871cf4060406d09fd8b0d744d8,1,1
310ca162d779efee8a2dc3731439680f3e9c1e86,1,1
517a16b1a88bdb6b530f48d5d153478b2552d9a8,0,0
53d374979ef147ab51f5d632dfe20b14aebeccd0,1,1
5fc01fb846bce8fa6d5f95e2625b8ce0f8e86810,0,0
36f41f8fc6d8aa9f8c9072d66ff7cf9055f5e69b,1,1
522924b583082f51b8a2406624a2f27c22119b20,1,0
f88982679f54f75daa5b8eff3da72508f1e7422f,1,1
7e6daf50e1f4ea0ecd56406beb64ffc66e1e94db,1,1
60379ba08532eca861e933b389526a4dc89e0c42,1,1
0eb6ddfb865c7d7ec05cb330050671363515e67f,1,1
396d7f23adf9e8c436dd81a69488b5b6a865acf8,1,1
823d81b0fa2cd83a640734e74caee338b5d3c093,0,0
5c64576a77894a50be80be0024bed27171b55989,0,1
96611c26dc351c33f73b48756a9feacc109e5bab,0,0
010f245b9dd734adda6386c494a4ace953ea8dc4,1,1
8b40a9d53d4f1705899be0a1518368d770ea95cc,1,1
f7e745f8e94492a8ac0b0a26e25f2b19d342918f,0,0
ec6af094ea28f0f2dda1a6a33b14cd57e36a9755,0,0
9077f052abd5391a866dd99e27212213648becef,1,1
681648e67d43cf269c5590ecf021ed481f4551fc,1,1
c853680453ac235e9010987a8bdaaba0e116d3c8,0,0
b5020a8e6b54d2ece80b1e7dedb33c79a40ebd47,1,1
a770bf515613c6e12ae904c3593e26016de99448,1,1
6dce3c20ac429e7a651d728e375853370c796e8d,0,0
60fce36afa9c77c7ccbf980c4f670f3be3651fce,1,1
7fb983b4dd569e08564134a850dfd4eb1c63d9b8,1,1
9306425b70bf1284a037b7461222887aff48cf8d,0,1
3bc0bb36fa30e95ca829e9cf480e1ef7f7638333,0,0
8c7b8c34ae952cc062c12d7db9ee2f298c09dca4,1,1
cd4a4ae4683dc2e09380118e205e057896dcda2b,0,0
a22c00be90de188d36f4772ef7b268aa48d7010d,0,0
98938aa8edd66dc95024d7c936a4bc315f6615ff,0,0
80019f1138324b6f35ae728b4f25eeb08899b452,1,1
517879147493a5e1df6b89a50f708f1133fcaddb,1,1
13d257503c0930010ef9eed78b689cec417ab741,1,1
fdeba99b1e58ecd18c2940c453e19e4ef20ff591,0,1
c4585a2823edf4d1326da44d1524ecbfda26bb37,1,1
99b79c3900d4627672c85d9f344b5b0f06bc2a4d,1,1
63f818f46af9f8b3f17b9695501e8d08959feb60,0,0
d91c3e17f75f218022140dee18cf515292184a8f,0,1
898dfe4687f460ba337a01c11549f87269a13fa2,1,1
d56f5136b01020155b6b0a29f69d924687529bee,1,1
cc19862ffe454a5b632ca202e5a51bfec9f89fd2,1,1
3ebba796fa251d042be42b929a2d916ee5c34a49,0,1
0e334db6bb4b1fd1e2d72c1f3d8f004313cd9f94,1,1
75feae73a28020e492fbad2323245455ef69d687,1,1
af3fb24eecb2c59246e03c99386037fd5ad84ffd,1,1
b83764f9220a4a14525657466f299850bbc98de9,0,1
bd018a6a75cebb511bb55a0e7690024be975fe93,1,1
f5d2d23bf0d948ce0b9307b7bacae7ff0bc03c71,0,1
bcbfbd8ec21096027f1ee13ce6c185e8175166f6,0,0
5144f8a8dfd7b3681f0a2b5bf599a210b2315018,1,1
4a3877c4cedd95543f8726b0a98743ed8db0c0fb,0,0
95d6ebd53c79522bf9502dbc7e89e0d63f94dae4,1,1
f044a84e040b85cd609851ac88ae8b54b2cc0b75,0,0
990e78116d38059c9306cf0560c1c4ed1cf358d3,0,0
945d015ee0c3095d2290e845565a23dedfd8027c,1,1
3743c1723bfc62e69dbf022417720eed3f431b29,1,1
3e2224c5867fead6c0b94b84727cc676ac6353a3,0,0
688838934c231bb08f46db687e57f6d8bf82709c,1,1
ad5d07f4a9cd671233ae20983848874731102c08,0,0
c780a049f9bf442314335372c9abc4548bfe3e44,0,1
7b6620d7db566a46f49b4b9deab9fa061fd4b59b,1,1
7f582b248d0a86bae5788c548d7bb5bca6f7691a,1,1
b423d13c08a656c719fa56324a8f4279c835d90c,1,1
d4859d749aa7090ffb743d15648adb962a1baeae,0,0
86b18aaa2b5b5bb48e609cd591b3d2d0fdbe0442,1,1
44427c0fbc09b448b22410978a4ef6ee37599d25,0,0
d5dd88794a13c2f24cce31abad7a0a6c5e0ed2db,1,1
bb3a420d47ab00d7e1e5083286cab15235a96680,1,1
d668769eb9c52b150753f1653f7f5a0aeb8239d2,1,0
551143d8d954fe398324a5caa276f518466c428b,1,1
76e43c8ccaa35c30d5df853013561145a0f750a5,0,0
3ef7cf57c72f32f61e97f8fa401bc39ea1f1a5d4,0,0
a9a51bd727d141a67b589f375fe69d0e54c4fe22,0,1
b7469e83d2add567e4e0b063963db185f3167cea,1,1
ac854131d9844f79e2fdcef67a7707227538d78a,1,1
73956fc07dd7b25d4a33ab3fdd6247c60d0b237c,0,0
250f2da49cb8e582215a65c03f50e8ddf5cd119c,1,1
9dec0f48a75e0dadca498002d25ef4e143e60194,0,1
768c0b19b50665e337c96858aa2b7928d6dcf756,0,0
356ff8a9a78fb35d6482584d260c3754dcbdf669,1,1
5f3e3b85cc0a5eae1c46d72e47d3de7bf208d9e2,0,0
8866df9264a34e675b4ee8a151db819b87cce2d3,1,1
8cb68751c115d176ec851ca56ecfbb411568c9e8,0,0
7a759197974894213621aa65f0571b51904733d6,1,1
cfa39381173d5f969daf43582c95ad679189cbc9,0,1
475feec0c41ad71cb7d02f0310e56256606b57c5,0,0
6e41e2257f1094acc37618bf6c856115374c6922,1,1
2e050e648ad6c74a2f0a28f645155128be0626ca,0,0
791f3465c4afde02d7f16cf7424ca87070b69396,1,1
e0652f8bb44d6294eeeac06d703185357f25d50b,1,1
39a706fbcf2694bfb651bed9041d44c3f4fa8078,0,0
a64b6a25dd9f984ed05fade603a00e2eae787d2f,1,1
8503fea6761de32b72585001ac94e5f81ce8ca44,0,1
57c722e932cfb82e9820bbaae1b1f7222ea97b52,0,0
bc811f05d77f47059c197a98b6ad242eb03999cb,0,0
65073a67331de3d2cce35607807ddec284e75e81,1,1
1a980b8cbf0059a5308eea61522f232fd03002e2,0,0
cee271678d0e3177a25d0fcb2fa5e051d48e4262,0,0
ee8d153d46a3b98c064ee15c0c0a3bbf1450e5a1,1,1
c596687a008b579c503afb7a64fcacc7270fae9e,1,1
757fed1d0898b893d7daa84183947c70f27632f3,1,1
edf4e7b7b9104b58fddfcd073bd7dcc1585d5326,0,1
9b0a8da8c4c6e91012ab03a801acc5d8011c7c2f,1,1
7ee656c3ac3d047b4cf1269f83ac9d6c0bba916b,1,1
6889ee5a53b8d969aa542047f5ac8acdc0e79a91,1,1
98375b86c79137416e9fd354177b85e768c16e56,1,1
5f9242775bb61f390f0885f23fc16397262c7538,1,1
ebec3f8f5271139df618ebdf8427e24ba102ba94,1,1
84b01721e8042cdd1e8ffeb648844a09cd4213e0,1,1
09d4f10a5e78d76a53e3e584f1e6a701b6d24108,1,1
c88090dfc84254fa149174eb3e6a8458de1912c4,0,1
79a5b9727a1cceacd49921b78425ebda91836bd6,0,0
3ae72f6ab9c1f688bd578cdc252dabce65fdaf57,1,1
b7cd0da982e3043f2eec7235ac5530cb18d6af1d,1,1
6d37fa49da1e8db8fb1995be22ac837ca41ac8a8,1,1
2342b8d95bcae5946e1b9b8d58645f37500ef2e7,1,1
7a2eb7367fdea72e448d1a847aa857f6caf8ea2f,0,0
b16ef427adf31fb4f6522458d37b3fe21d6d03b8,1,1
94f6a80c0c11828cb7b3d79294459dd8d761ca89,1,1
cbb749cf377aa8aa32a036ebe9dd9f2d89037bf0,0,0
9729d6d282a6d7ce88e64c9119cecdf79edf4e88,0,0
f41a4b2b5eb7872109723dab8ae1603bdd9d9ec1,1,1
f59bbfc2f6099e8655f9e8f585e10ffde17176d0,0,0
25fe2c9c4cd2e97c5f5b69f3aefe69aad3057936,0,1
7fb6f78df7003234d8df4f90aeecc432d7d0c804,1,1
82c018d734a7aa24a9ac8f33f610c55923fb6911,0,0
31e9a7f353526bbe53165a292f8ea9695ead3168,1,1
3864d33943b4a76c6e64616280e98d2410b1190f,0,0
335178d5429c4cee61b58f4ac80688f556630818,1,1
2339cd6cd0b5401fa3fe886bf1c0cb8822041957,0,0
897366537fb65e87755b822360c230354c3fc73b,0,1
91fcfbe8852edb929ff8702534525031a15d0aa6,1,1
6b22489911b726eebbf169caee52fea52013fbdd,0,0
5f9f0b11f0816b35867f2cf71e54d95f53f03902,0,0
ea7b4244b3656ca33b19a950f092b5bbc718b40c,0,1
e835ada07091f40dcfb1bc735082bd0a7c005e59,1,1
5c02c447eaeda29d3da121a2e17b97ccaf579b51,0,1
ee1bd483cc062d5050f9537064651dd2e06baee7,0,0
2eb9eabf1e868fda15808954fb29b0f105ed65f1,1,1
144748eb0c445091466c9b741ebd0bfcc5914f3d,0,0
c120959387efa51479056fd01dc90adfba7a590c,0,1
202700e30740c6568b5a6943662f3829566dd533,1,1
537b361fbcbcc3cd6fe2bb47069fd292b9256d16,0,0
dbb2483b2a46fbaf833cfb5deb5ed9cace9c7399,0,0
28090c133869b461c5366195a856d73469ab87d9,0,0
9f457179244a1c0316546b1760f8993d0d718861,0,0
a8c744a8b43733509b5625e65fee1985fbb901d7,0,0
1ad98e9d1bdf4724c0a8532fabd84bf3c457c2bc,0,1
ecfdc08b8cc65d737eebc26a1ee1875a097fd6a0,0,0
6df8fb83301d68ea0a0c0e1cbcc790fcc333ed12,1,1
31e810aa1033a7db50a2746cd34a2432237f6420,0,1
ab1cbdf159beba7395a13ab70bc71180929ca064,0,1
56e4ee82e850026d71223262c07df7d6af3bd872,1,1
4b66af2d6356a00e94bcdea3e7fea324e8b5c6f4,0,0
ff907a11a0d68a749ce1a321f4505c03bf72190c,1,1
2677d20677314101293e6da0094ede7b5526d2b1,1,1
bbab7ef235031f6733b5429ae7877bfa22339712,1,1
9f476d7c540cb57556d3cc7e78704e6cd5100f5f,0,1
b845c898b2f1ea458d5453f0fa1da6e2dfce3bb4,0,0
2ad3e17ebf94b7b7f3f64c050ff168f9915345eb,1,1
fc14eebfc20854a38fd9f1d93a42b1783dad4d17,1,1
2b5c8f0063e4b263cf2de82029798183cf85c320,1,1
e57457641613fef0d147ede8bd6a3047df588b95,1,1
b4411616c26f26c4017b8fa4d3538b1a02028733,1,1
3f32d0be6c16b902b687453c962d17eea5b8ea19,0,0
4458bba09788e70e8fb39ad003f087cd9dfbd6ac,1,1
2975d5de6428ff6d9317e9948f0968f7d42e5d74,0,0
e8238fc2bd7b4c3c7554fa2df067e796610212fc,0,0
ed4ffdfec26dfe1bb02435afd1e01f61426f7212,0,1
4adfa79fc254efb7b0eb3cd58f62c2c3f805f1ba,1,1
ce162bfbc0b601841886965baba14877127c7c7c,0,0
73d20564e0dcae003e0d79977f044d5e57496304,1,1
e94ee171349db84c7cfdc5fefbebe414054d0924,0,0
b0584ea66d73919cbf5878a3420a837f06ab8396,0,0
39675f7a7c7e7702f7d5341f1e0d01db746543a0,0,0
0ff4628f4c6c1ab87eef9f16b25355cadc426d64,1,1
778721510e84209f78e31e2ccb296ae36d623f5e,1,1
e5bfad3d7acc5702f32aafeb388362994f4d7bd0,0,0
b954f94023dcc61388c8384f0f14eb8e42c863c5,1,1
b13f9c6364373a1b9f71e9846dc4fb199296f926,0,1
7a0df7fbc14505e2e2be19ed08654a09e1ed5bf6,1,1
82a843de41d42681c1bbf9194b28736d06050b08,0,0
4ab59c3c638c6c8952bf07739805d20eb6358a4d,1,1
263243d6c2573cd761ef7ab773d3c467db0122f6,1,1
05e3ecea4a6305597a060da0a123c80df8827bf1,0,1
137641287eb40260783a4413847a0aef06023a6c,1,1
b2ca374f33bd33fd822eb871876e4888cf79dc97,1,1
915905f8b1d452e70ee6d8637c3f0fb55a39691d,1,1
8b2ebb6cf064247d60cccbf1750610ac9bb2e672,0,0
004d62eb4e57db3c391ed0df007cc11c93b6fbeb,1,1
1ab19c5de4c537ec0d9b21020395a5b5a6c059b2,1,1
c114944d7d67f24e71562fcfc18d550ab787e4d4,1,1
aec72f3392b1d598a979e89c4fdb131965ae0ab3,1,1
9b7e5208a941e2e491a83eb5fa83d889e888fa2f,1,1
9c29e36152748fd623fcff6cc8f538550f9eeafc,0,0
da6393cdd8aaa354b3a2437cd73ebb34cac958e3,1,1
7ebc14d507b4b55105da8d1a1eda323381529cc7,1,0
10f7335e3627b4efa341ef8ac457f2c0770c5c19,0,0
44c23d71599f81a1c7fe8389e0319822dd50c37c,1,1
1dd9bc08cf1420d466dd8dcfcc233777e61ca5d2,1,1
9b6c08878e23adb7cc84bdca94d8a944b03f099e,1,0
79d0895140e937ba111e6420b4cd83ee75efa788,1,1
c3317f4db831b7564ff8d1670326456a7fbbbcb3,1,1
af50e4ba34f4c45e92535364133d4deb5931c1c5,1,1
732706afe1cc46ef48493b3d2b69c98f36314ae4,0,1
bc78abbd55dd28e2287ec6d6502b842321a17c87,0,1
509c7a1ecc8601f94ffba8a00889fefb239c00c6,1,1
96312e61282ae3f6537a562625706498cbc75594,0,0
8c8b9a9be2afa8bd6a72ad1130532baab9fab89d,0,0
cf89af146b7e62af55470cf5f3ec3c56ec144a5e,1,1
5399d52233c47905bbf97dcbaa2d7a9cc31670ba,0,0
1efb6ee3edea57f57f9fb05dba8dcb3f7333f61f,0,0
9f2df09a33aa2c76ce6385d382693f98d7f2f07e,1,1
2c1ec6fda2d07044cda922ee25337cf5d4b429b3,0,1
cb3c0e6bdf64d0d124e94ce43cbe4ccbb9b37f51,1,1
ed65a4dc22083e73bac599ded6a262318cad7baf,1,1
08c27f3322fec11950b8f1384aa0f3b11d028528,1,1
d18785e213866935b4c3dc0c33c3e18801ce0ce8,1,1
afbc293add6466f8f3f0c3d944d85f53709c170f,0,0
84e99e58e8d1e26f04c097f4266e431a33987f36,0,1
e5dcc0c3223c45c94100f05f28d8ef814db3d82c,1,1
6935c3983b246d5fbfebd3b891c825e65c118f2d,1,1
bb436283e25aaf1533ce061605d23a9564447bdf,0,0
47e4bb147a96f1c9b4e7691e7e994e53838bfff8,0,0
5d78e1c2b7f4be00bbe62141603a631dc7812f35,1,1
b9959c7a347d6adbb558fba7e36e9fef3cba3b07,1,0
e4bedf48aaa5552bc1f49703abd17606e7e6e82a,1,1
67f29896fdc83298eed5a6576ff8f9873f709228,1,1
f13876e2c33a657a71bcbb10f767c0951b165020,1,1
9274124f023b5c56dc4326637d4f787968b03607,1,1
810507fe6fd5ff3de429121adff49523fabb643a,0,0
d1cd3ce9004412949163bfaa062a4df98fe75a98,0,0
239174945dac8cb9613db7755103d5fb6c32241d,0,0
50535249f624d0072cd885bcdce4e4b6fb770160,1,1
2ac695d1d602ce00b12170242f58c3d3a8e36d04,1,1
e28587cc491ef0f3c51258fdc87fbc386b1d4c59,0,0
124da8f6118bce3d9aeb5c6f5395ed131141aad5,0,0
4dd2b82d5adfbe0b1587ccad7a8f76d826120f37,1,1
b6c5734db07079c9410147b32407f2366d584e6c,0,1
4d220ed0f8140c478ab7b0a14d96821da639b646,0,0
10bea96dcc13ad841d53bdcc9d8e731e9e0ad58f,0,0
99d8690aae4b2f0d1d90075de355ac087f820a66,0,0
0499f419b76f94ede08304aad5851144813ac55c,0,0
258c81b341c8025d79073ce2d6ce19dcdc7d10d2,1,1
1bfa26ff8c4b7512f4e4efa6df211239223033d4,0,0
60dfe484cef45293e631b3a6e8995f1689818172,0,0
3f926af3f4d688e2e11e7f8ed04e277a14d4d4a4,0,0
4ffcbfac60642f63ae3d80891f573ba7e94a265c,1,1
d5be7f632bad0f489879eed0ff4b99bd7fe0b74c,1,1
2761121af87de45951989a0adada917837d8fa82,0,0
37feaaf5ceb2245e474369312bb7b922ce7bce69,1,1
63346650c1a94a92be61a57416ac88c0a47c4327,0,0
4dfe6bd94959222e18d512bdf15f6bf9edb9c27c,1,1
2d9463083ce92636a1bdd3e30d1236e3e95d859e,0,1
6af3aa57a0984e061f61308fe181a9a12359fecc,0,1
ebb22a05943666155e6da04407cc6e913974c78c,0,0
021086e383fa408a219f6c6541b37f495f59d576,1,1
7170a977743b72cf3eb46ef6ef89885dc7ad3621,1,1
8bdf7b3fe1f48a2c1c212d4685903bba01409c0e,1,1
dc32b5c3e6e2ef29cef76d9ce1b92d394446150e,1,1
471b83bd8bbe4e89743683ef8ecb78f7029d8288,0,0
c7a897843224a92209f306c984975b704969b89d,1,1
e88958e6369aeba48623afa18dd67fdf41c98d75,0,0
bc4fe4cdd602b3bee5eeb49d843bd6b3296cfc86,1,1
6af1799aaf3f1bc8defedddfa00df3192445bbf3,0,1
06d9532fa6b34f12a6d75711162d47c17c1add72,0,0
47b228ce6f66830768eac145efa7746637969101,0,0
1548bc4e0512700cf757192c106b3a20ab639223,0,0
dded08927ca3c31a5c37f8e7f95fe98770475dd4,1,1
e04480920d1eec9c061841399aa6f35b6f987d8b,0,1
0217ed2848e8538bcf9172d97ed2eeb4a26041bb,1,1
457fed775c97ac2c0cd1672aaf2ff2c8a6235e87,1,1
728356dedeff8ef999cb436c71333ef4ac51a81c,1,1
5d5b74aa9c766f0dd37d5cc1a2a7a94586130501,0,1
0cbb4b4f4c44f54af268969b18d8deda63aded59,1,1
ea354b6ddd6f09be29424f41fa75a3e637fea234,0,1
7a3429bace0e08d94c39245631ea6bc109dafa49,0,0
b1a811633f7321cf1ae2bb76a66805b7720e44c9,0,1
e7177339d7b5f9594b316842122b5fda9513d5e2,0,0
e96a1866b40570b5950cda8602c2819189c62a48,1,1
0dbffbb5335a1e3aa6855e4ee317e25e669dd302,1,1
b3e80d44f5b1b470dd9e2dbc6816e63a5c519709,0,0
51a4cc112c7a42b62a91bcccdfac42e7c4561729,0,0
e8c75a30a23c6ba63f4ef6895cbf41fd42f21aa2,0,0
9981159fc3b677b357f84e069a11de5a5ec8a2a8,0,1
814fb7bb7db5433757d76f4c4502c96fc53b0b5e,0,1
d4ffd5df9d18031b6a53f934388726775b4452d3,0,1
9eee3b4913d734b2c2496ddeea625d5b56583757,1,1
5ec7d18d1813a5bead0b495045606c93873aecbb,0,1
d9e15a2733067c9328fb56d98fe8e574fa19ec31,0,0
77f4689de17c0887775bb77896f4cc11a39bf848,0,0
63530aba7826a0f8e129874df9c4d264f9db3f9e,1,1
c12837d1bb31032bead9060dec99ef310d5b9fb7,0,0
2030043e616cab40f510299f09b636285e0a3678,1,0
a622b40035d16196bf19b2b33b854862595245fc,1,1
e3245a7b7b34bd2e97f744fd79463add6e9d41f4,1,1
044c1ab399afbe9f2ebef49a3204ef1509826dc7,1,1
2efd4fca703a6707cad16ab486eaab8fc7f0fd49,1,1
8aaeed81fcb917b5cf4976932c5baefa1471128b,1,1
b7034146756b9e91cc059b19df7fe4defd4d7de7,1,1
fc4fad79fc3d8841562e2a85808079da5b4835f6,0,1
8d74e9f88d65af8bb2e095aff506aa6eac755ada,1,0
e323d865b36134e8c5c82c834df89109a5c60dab,0,0
d44e3fa5d7e6e9573c69f6f9f4f7f3200b0c9eee,0,0
61678d28d4a45ef376f5d02a839cc37509ae9281,0,1
8f659a03a0ba9289b9aeb9b4470e6fb263d6f483,1,1
a7be300de800e755714c71103ae4a0d205e41e99,0,1
3af70b39fa2d415dc86c370e5b24ddb9fdacbd6f,1,1
62794fc4fbf52f2209dc094ea255eaef760e7d01,0,0
d4689846881d160a4d12a514e991a740bcb5d65a,0,0
bb2853a6a421a052268eee00fd5d3f6b3504b2b1,1,1
1dded9acf6dc9a34cd27fcf8815507e4e65b3c4f,0,0
25a097f5204675550afb879ee18238ca917cba7a,1,1
575b65bc5bff37ec502d5eab9fc91d0a8d5ec40e,0,0
9c39be40c0155c43343f53e3a439290c0fec5542,1,1
a494bd642d9120648b06bb7d28ce6d05f55a7819,1,1
cd26d1c4d1bc947b56ae404998ae2276df7b39b7,1,1
b55d996f057bf2e7ba9422a80b5e17e99860cb0b,0,0
ccfc9df1352be5b2f391091e18c4b2395d30ce78,0,0
d136122f58458479fd8926020ba2937de61d7f65,1,1
ee74d9967b829232723939cb7c9b100b29f6ec98,0,0
4a2eb0c37b4759416996fbb4c45b932500cf06d3,1,1
e7c58097793ef15d58fadf190ee58738fbf447cd,1,1
0cb42c0265837fafa2b4f302c8a7fed2631d7869,1,1
39b3cffb8cf3111738ea993e2757ab382253d86a,1,1
58af3d3d54e87bfc1f936e16c04ade3369d34011,1,1
e21dba7a4df4d93da237da65a096084b4f2e87b4,1,1
35feb60474bf4f7fa7840e14fc7fd344996b919d,1,1
c7b1850dfb41d0b4154aca8dbc04777fbd75616f,1,1
e1a7bfe3807974e66f971f2589d4e0197ec0fced,1,1
c4b4c421857dc7b1cf0dccbd738472360ff2cd70,1,1
eb1c28c05894a4b1f6b56c5bf072205e64cfa280,0,0
e53e9828a8d2c6545e01ff9711f1221f2fd199ce,1,0
d00c8ee31729248ba40b4ab25cd3b3b580c6f87c,1,1
7311d665ca68907b9c43d6d1021f816f9a7bbd57,1,1
91cb2c8b072e00632adf463b78b44f123d46a0fa,0,0
9c481b908b011398b1491752271cd1e2c9ad5758,1,1
7eaecf7963c1c8f62d62c6a8e7c439b0e7f2d365,1,1
42ca63f980842918560b25f0244307fd83b4777c,1,1
f53823c18131e755905b4f654196fd2cc3953f6e,1,1
60034d3d146b11922ab1db613bce062dddc0327a,0,0
322c4293ecc58110227b49d7e47ae37b9b03566f,0,0
9354544cbccf68da1b047f8fb7b47630e3c8a59d,1,1
c7aadc09321d8f9a1d3bd1e6d8a47222ecddf6c5,1,1
9b91b6b019fda817eb52f728eb9c79b3579760bc,0,0
5c3e82fe159622e46e91458c1a6509c321a62820,1,0
6cd6cbf593bfa3ae6fc3ed34ac21da4d35045425,1,1
c03a0fd0b609e2f5c669c2b7f27c8e1928e9196e,1,1
0c75f10312a35b149b2cebb1832316b35c2337ca,0,0
92a35678ec075100ce666a2fb6969151affb0e5d,0,1
a343993c518ce252b62ec00ac06bccfb1d17129d,0,1
ccff81e1d028bbbf8573d3364a87542386c707bf,1,1
c7c5e6ff533fe1f9afef7d2fa46678987a1335a7,1,1
5896351ea9360072f8bdd9eee186861a9d13db6d,1,1
f7cfd871ae0c5008d94b6f66834e7845caa93c15,0,0
ef95a90ae6f4f21990e1f7ced6719784a409e811,0,0
1e027960edfaa6a43f9ca31081729b716598112b,1,1
e0be4931f3fee2e04dec4013ea4f27ec2db8556f,0,0
e70f7a11876a1a788ceadf75e9e5f7af2c868680,1,1
4c62bd9cea7bcf10292f7e4c57a2bca332942697,0,0
bd729f9d67aa9a303d8925bb8c4f06af25f407d1,1,1
5bf8bec3f4ce044a223c40cbce92590d938f0e9c,0,0
b1993a2de12c9e75c35729e2ffbc3a92d50c0d31,1,1
0b8d616fb5a8ffa307b1d3af37f55c15dae14f28,1,1
d005f8c6588efcfbe88099b6edafc6f58c84a9c1,1,1
83e197a8414c0ba545e7e3916ce05f836f349273,1,1
e175aef902697826d344ce3a12189329848fe898,0,0
e233df01576bba9f5bafacccd571353b72152bd5,0,0
efdab992813fb2ed825745625b83c05032e9cda2,1,1
5122565188bae59d507d90a9a9fd2fd6107f4439,1,1
df55531b8b0eea9d2473f5697ae4f38d0df6bec7,0,0
563bcbae3ba233c275c244bfce2efe12938f5363,0,0
9facc336876f7ecf9edba4c67b90426fde4ec898,0,1
ab4e846a82d0ae00176de19f2db3c5c64f8eb5f2,0,0
8706e04ed7d6c95004d42b22a4db97d5b2eb73b2,1,1
8e1fa89aa8bc2870009b4486644e4a58f2e2a4f5,1,1
eb8dbe80326c3d44c1e38ee4f40e0d8d3e06f2d0,0,0
b193e15ac69d56f35e1d8e2b5d16cbd47764d053,1,1
4443390e08d34d5771ab444f601cf71b3c9634a4,0,0
dfa9a5efe8b932a84b3b319250aa3ac60c20f876,0,0
470ec4ed8c91b4db398ad607c700e9ce88365202,0,0
f90bf1ece48a736097ea224430578fe586a9544c,1,1
550ac9c1aaaaf51fd42e20d461f0b1cdbd55b3d2,0,0
fb18802a338b36f675a388fc03d2aa504a0d0899,0,1
560ccb75c2caa6b1039dec1a53cd2ef526f5bf03,0,0
55cd9f67f1e45de8517cdaab985fb8e56c0bc1d8,1,1
c731b84b51bf7fe83448bea8f56a6d55006b0615,0,1
b0ec7e55fce65f125bd1d7f02e2dc4de62abee34,0,1
7c422d0ce97552dde4a97e6290de70ec6efb0fc6,1,1
d5c7c745f254c6cb98b3b3f15fe789b8bd770c72,1,1
a8772fad0172aeae339144598b809fd8d4823331,1,1
9c5d3afac436beef91b7a6312068e9360c7d8446,0,0
3f16a5c318392cbb5a0c7a3d19dff8c8ef3c38ee,0,0
e032f7c9c7cefffcfb79b9fc16c53011d2d9d11f,1,1
c24b75e0f9239e78105f81c5f03a751641eb07ef,1,1
eb73190f4fbeedf762394e92d6a4ec9ace684c88,1,1
37f31b6ca4311b94d985fb398a72e5399ad57925,0,0
7fabaf303458fcabb694999d6fa772cc13d4e217,1,0
20aaef52eb08f1d987d46ad26edb8f142f74d83a,0,0
6d816e088c359866f9867057e04f244c608c42fe,0,0
de7b9aa633b693e77942e12f1769506efae6917b,0,1
ce684552a266cb1c7cc2f7e623f38567adec6653,1,1
07603b230895a74ebb1e2a1231ac45c29c2a8cd3,0,0
1bff51ea59a9afb67d2dd78518ab0582a54a472c,1,1
e154659ba39a1c2be576aaa0a5bda8088d707950,0,0
811985365378df01386c3cfb7ff716e74ca376d5,1,1
d10523d0b3d78153ee58d19853ced26c9004c8c4,1,1
bf77ae4c98d721a9aae3840970d46669a78e034a,0,0
e08ad80551b4b33c02f2fce1522f6c227d3976cf,1,1
bb7262b295472eb6858b5c49893954794027cd84,1,1
f78f63da916e04e0b12a96010e2dd551954b1db4,1,0
100294cee9a98bfd4d6cb2d1c8a8aef0e959b0c4,1,1
25c7a6d1f90e208ec27ca854b1381ed39842ec57,0,0
c0ee554906c3d6554fbddf95ae664cd9f817082b,0,1
5c0e4110f751934e748a66887c61f8e73805f0f9,1,1
c8d3bcbfc5eab3f01cf373d039af725f3b488813,0,0
ce3aba43599f0b50adbebff133df8d08a3d5fffe,1,1
